close,contract,date,open,rolled
3959.4,IF1911.CCFX,2019-11-01,3875.0,0
3974.2,IF1911.CCFX,2019-11-04,3969.8,0
3996.4,IF1911.CCFX,2019-11-05,3978.6,0
3983.0,IF1911.CCFX,2019-11-06,3999.0,0
3990.2,IF1911.CCFX,2019-11-07,3979.6,0
3968.8,IF1911.CCFX,2019-11-08,4015.4,0
3906.6,IF1911.CCFX,2019-11-11,3940.0,0
3897.6,IF1911.CCFX,2019-11-12,3913.0,0
3900.0,IF1911.CCFX,2019-11-13,3891.0,0
3900.0,IF1911.CCFX,2019-11-14,3906.4,0
3879.0,IF1912.CCFX,2019-11-15,3902.8,1
3908.8,IF1912.CCFX,2019-11-18,3877.6,0
3953.6,IF1912.CCFX,2019-11-19,3904.6,0
3907.8,IF1912.CCFX,2019-11-20,3941.8,0
3888.4,IF1912.CCFX,2019-11-21,3890.2,0
3839.6,IF1912.CCFX,2019-11-22,3901.0,0
3873.4,IF1912.CCFX,2019-11-25,3853.6,0
3875.8,IF1912.CCFX,2019-11-26,3890.0,0
3878.8,IF1912.CCFX,2019-11-27,3873.0,0
3868.6,IF1912.CCFX,2019-11-28,3874.8,0
3827.4,IF1912.CCFX,2019-11-29,3861.0,0
3838.0,IF1912.CCFX,2019-12-02,3842.4,0
3856.6,IF1912.CCFX,2019-12-03,3828.6,0
3852.4,IF1912.CCFX,2019-12-04,3842.2,0
3880.0,IF1912.CCFX,2019-12-05,3864.0,0
3909.6,IF1912.CCFX,2019-12-06,3884.0,0
3900.4,IF1912.CCFX,2019-12-09,3915.8,0
3903.0,IF1912.CCFX,2019-12-10,3889.4,0
3909.2,IF1912.CCFX,2019-12-11,3910.0,0
3895.4,IF1912.CCFX,2019-12-12,3915.0,0
3979.6,IF1912.CCFX,2019-12-13,3930.0,0
3988.0,IF1912.CCFX,2019-12-16,3969.0,0
4048.2,IF1912.CCFX,2019-12-17,3991.6,0
4038.4,IF1912.CCFX,2019-12-18,4049.6,0
4028.8,IF1912.CCFX,2019-12-19,4038.0,0
4035.0,IF2001.CCFX,2019-12-20,4054.0,1
3979.4,IF2001.CCFX,2019-12-23,4031.0,0
3998.4,IF2001.CCFX,2019-12-24,3990.0,0
4002.8,IF2001.CCFX,2019-12-25,3996.0,0
4034.6,IF2001.CCFX,2019-12-26,4005.0,0
4028.0,IF2001.CCFX,2019-12-27,4038.8,0
4090.8,IF2001.CCFX,2019-12-30,4027.6,0
4109.4,IF2001.CCFX,2019-12-31,4090.0,0
4160.4,IF2001.CCFX,2020-01-02,4131.2,0
4151.8,IF2001.CCFX,2020-01-03,4171.2,0
4132.6,IF2001.CCFX,2020-01-06,4133.2,0
4162.4,IF2001.CCFX,2020-01-07,4147.6,0
4125.6,IF2001.CCFX,2020-01-08,4137.0,0
4166.4,IF2001.CCFX,2020-01-09,4153.0,0
4165.0,IF2001.CCFX,2020-01-10,4182.0,0
4210.8,IF2001.CCFX,2020-01-13,4173.4,0
4198.8,IF2001.CCFX,2020-01-14,4221.2,0
4163.2,IF2001.CCFX,2020-01-15,4190.0,0
4157.4,IF2001.CCFX,2020-01-16,4169.4,0
4172.6,IF2002.CCFX,2020-01-17,4176.2,1
4202.2,IF2002.CCFX,2020-01-20,4186.0,0
4123.4,IF2002.CCFX,2020-01-21,4176.2,0
4136.4,IF2002.CCFX,2020-01-22,4105.6,0
3994.2,IF2002.CCFX,2020-01-23,4093.0,0
3591.2,IF2002.CCFX,2020-02-03,3673.0,0
3766.8,IF2002.CCFX,2020-02-04,3660.0,0
3800.4,IF2002.CCFX,2020-02-05,3787.6,0
3891.8,IF2002.CCFX,2020-02-06,3815.0,0
3892.8,IF2002.CCFX,2020-02-07,3870.2,0
3891.4,IF2002.CCFX,2020-02-10,3865.8,0
3935.6,IF2002.CCFX,2020-02-11,3918.6,0
3966.4,IF2002.CCFX,2020-02-12,3924.2,0
3953.0,IF2002.CCFX,2020-02-13,3962.6,0
3983.8,IF2002.CCFX,2020-02-14,3948.0,0
4079.2,IF2002.CCFX,2020-02-17,4000.4,0
4046.4,IF2003.CCFX,2020-02-18,4071.0,1
4052.6,IF2003.CCFX,2020-02-19,4046.4,0
4138.4,IF2003.CCFX,2020-02-20,4067.8,0
4158.6,IF2003.CCFX,2020-02-21,4130.2,0
4120.0,IF2003.CCFX,2020-02-24,4133.6,0
4117.0,IF2003.CCFX,2020-02-25,4093.0,0
4076.0,IF2003.CCFX,2020-02-26,4075.0,0
4077.8,IF2003.CCFX,2020-02-27,4089.0,0
3925.8,IF2003.CCFX,2020-02-28,3992.2,0
4056.4,IF2003.CCFX,2020-03-02,3967.6,0
4072.4,IF2003.CCFX,2020-03-03,4118.4,0
4106.2,IF2003.CCFX,2020-03-04,4074.0,0
4191.8,IF2003.CCFX,2020-03-05,4146.0,0
4120.8,IF2003.CCFX,2020-03-06,4161.4,0
3977.8,IF2003.CCFX,2020-03-09,4050.0,0
4072.2,IF2003.CCFX,2020-03-10,4010.0,0
4001.4,IF2003.CCFX,2020-03-11,4067.2,0
3949.0,IF2003.CCFX,2020-03-12,3956.0,0
3894.2,IF2003.CCFX,2020-03-13,3751.2,0
3692.0,IF2003.CCFX,2020-03-16,3872.6,0
3682.0,IF2003.CCFX,2020-03-17,3799.0,0
3610.0,IF2003.CCFX,2020-03-18,3697.2,0
3584.0,IF2003.CCFX,2020-03-19,3628.8,0
3624.0,IF2004.CCFX,2020-03-20,3623.8,1
3508.6,IF2004.CCFX,2020-03-23,3506.0,0
3598.0,IF2004.CCFX,2020-03-24,3590.0,0
3687.2,IF2004.CCFX,2020-03-25,3680.0,0
3663.4,IF2004.CCFX,2020-03-26,3660.0,0
3680.2,IF2004.CCFX,2020-03-27,3705.0,0
3662.8,IF2004.CCFX,2020-03-30,3642.0,0
3652.0,IF2004.CCFX,2020-03-31,3696.8,0
3648.2,IF2004.CCFX,2020-04-01,3661.0,0
3726.8,IF2004.CCFX,2020-04-02,3640.0,0
3694.6,IF2004.CCFX,2020-04-03,3708.2,0
3775.6,IF2004.CCFX,2020-04-07,3775.4,0
3764.8,IF2004.CCFX,2020-04-08,3770.0,0
3779.6,IF2004.CCFX,2020-04-09,3784.6,0
3763.2,IF2004.CCFX,2020-04-10,3782.4,0
3745.0,IF2004.CCFX,2020-04-13,3746.8,0
3812.0,IF2004.CCFX,2020-04-14,3770.2,0
3789.4,IF2004.CCFX,2020-04-15,3805.0,0
3796.8,IF2004.CCFX,2020-04-16,3779.2,0
3796.6,IF2005.CCFX,2020-04-17,3815.0,1
3807.4,IF2005.CCFX,2020-04-20,3804.8,0
3762.4,IF2005.CCFX,2020-04-21,3794.0,0
3801.6,IF2005.CCFX,2020-04-22,3740.0,0
3788.8,IF2005.CCFX,2020-04-23,3806.6,0
3775.0,IF2005.CCFX,2020-04-24,3780.8,0
3795.2,IF2005.CCFX,2020-04-27,3785.0,0
3816.8,IF2005.CCFX,2020-04-28,3808.6,0
3838.4,IF2005.CCFX,2020-04-29,3819.8,0
3904.6,IF2005.CCFX,2020-04-30,3855.0,0
3916.4,IF2005.CCFX,2020-05-06,3860.0,0
3908.6,IF2005.CCFX,2020-05-07,3917.8,0
3949.0,IF2005.CCFX,2020-05-08,3929.0,0
3947.0,IF2005.CCFX,2020-05-11,3966.0,0
3948.0,IF2005.CCFX,2020-05-12,3954.4,0
3958.8,IF2005.CCFX,2020-05-13,3937.2,0
3928.0,IF2005.CCFX,2020-05-14,3942.8,0
3861.0,IF2006.CCFX,2020-05-15,3901.4,1
3881.4,IF2006.CCFX,2020-05-18,3871.8,0
3911.8,IF2006.CCFX,2020-05-19,3918.0,0
3898.6,IF2006.CCFX,2020-05-20,3916.2,0
3870.2,IF2006.CCFX,2020-05-21,3908.0,0
3783.0,IF2006.CCFX,2020-05-22,3861.0,0
3792.6,IF2006.CCFX,2020-05-25,3794.0,0
3828.8,IF2006.CCFX,2020-05-26,3813.0,0
3811.2,IF2006.CCFX,2020-05-27,3824.0,0
3815.8,IF2006.CCFX,2020-05-28,3812.8,0
3820.0,IF2006.CCFX,2020-05-29,3795.4,0
3938.8,IF2006.CCFX,2020-06-01,3871.0,0
3955.0,IF2006.CCFX,2020-06-02,3940.0,0
3951.0,IF2006.CCFX,2020-06-03,3978.0,0
3952.0,IF2006.CCFX,2020-06-04,3970.0,0
3979.0,IF2006.CCFX,2020-06-05,3962.0,0
3991.4,IF2006.CCFX,2020-06-08,3995.0,0
4014.8,IF2006.CCFX,2020-06-09,3992.8,0
4013.8,IF2006.CCFX,2020-06-10,4020.0,0
3965.0,IF2006.CCFX,2020-06-11,4005.0,0
3986.2,IF2006.CCFX,2020-06-12,3925.2,0
3929.4,IF2006.CCFX,2020-06-15,3966.0,0
4000.0,IF2006.CCFX,2020-06-16,3980.0,0
4007.0,IF2006.CCFX,2020-06-17,3996.8,0
4042.0,IF2006.CCFX,2020-06-18,4000.0,0
4046.8,IF2007.CCFX,2020-06-19,3996.2,1
4051.2,IF2007.CCFX,2020-06-22,4052.8,0
4074.0,IF2007.CCFX,2020-06-23,4029.2,0
4109.6,IF2007.CCFX,2020-06-24,4089.0,0
4078.0,IF2007.CCFX,2020-06-29,4100.8,0
4120.6,IF2007.CCFX,2020-06-30,4099.8,0
4218.8,IF2007.CCFX,2020-07-01,4141.4,0
4323.2,IF2007.CCFX,2020-07-02,4220.0,0
4407.0,IF2007.CCFX,2020-07-03,4343.8,0
4734.0,IF2007.CCFX,2020-07-06,4460.0,0
4712.2,IF2007.CCFX,2020-07-07,4786.2,0
4759.6,IF2007.CCFX,2020-07-08,4741.0,0
4835.8,IF2007.CCFX,2020-07-09,4748.0,0
4745.0,IF2007.CCFX,2020-07-10,4798.6,0
4838.0,IF2007.CCFX,2020-07-13,4760.6,0
4793.0,IF2007.CCFX,2020-07-14,4825.0,0
4736.2,IF2007.CCFX,2020-07-15,4815.6,0
4496.0,IF2007.CCFX,2020-07-16,4742.0,0
4526.4,IF2008.CCFX,2020-07-17,4533.0,1
4644.8,IF2008.CCFX,2020-07-20,4576.8,0
4657.4,IF2008.CCFX,2020-07-21,4671.0,0
4681.0,IF2008.CCFX,2020-07-22,4657.8,0
4688.6,IF2008.CCFX,2020-07-23,4649.8,0
4465.0,IF2008.CCFX,2020-07-24,4656.2,0
4497.0,IF2008.CCFX,2020-07-27,4510.0,0
4528.8,IF2008.CCFX,2020-07-28,4544.8,0
4672.4,IF2008.CCFX,2020-07-29,4519.2,0
4635.0,IF2008.CCFX,2020-07-30,4673.0,0
4659.6,IF2008.CCFX,2020-07-31,4653.2,0
4740.6,IF2008.CCFX,2020-08-03,4728.2,0
4756.6,IF2008.CCFX,2020-08-04,4753.2,0
4742.0,IF2008.CCFX,2020-08-05,4742.6,0
4729.4,IF2008.CCFX,2020-08-06,4766.0,0
4684.0,IF2008.CCFX,2020-08-07,4707.2,0
4700.0,IF2008.CCFX,2020-08-10,4669.0,0
4652.8,IF2008.CCFX,2020-08-11,4719.0,0
4626.8,IF2008.CCFX,2020-08-12,4650.6,0
4606.4,IF2008.CCFX,2020-08-13,4645.6,0
4717.4,IF2008.CCFX,2020-08-14,4600.0,0
4812.2,IF2008.CCFX,2020-08-17,4735.0,0
4803.6,IF2008.CCFX,2020-08-18,4808.0,0
4729.4,IF2008.CCFX,2020-08-19,4803.6,0
4659.6,IF2009.CCFX,2020-08-20,4670.0,1
4693.0,IF2009.CCFX,2020-08-21,4691.6,0
4711.0,IF2009.CCFX,2020-08-24,4724.0,0
4733.4,IF2009.CCFX,2020-08-25,4728.0,0
4674.0,IF2009.CCFX,2020-08-26,4730.6,0
4710.4,IF2009.CCFX,2020-08-27,4690.0,0
4843.6,IF2009.CCFX,2020-08-28,4707.8,0
4786.0,IF2009.CCFX,2020-08-31,4865.2,0
4826.0,IF2009.CCFX,2020-09-01,4782.8,0
4808.2,IF2009.CCFX,2020-09-02,4843.2,0
4798.6,IF2009.CCFX,2020-09-03,4808.0,0
4752.8,IF2009.CCFX,2020-09-04,4740.0,0
4645.6,IF2009.CCFX,2020-09-07,4752.0,0
4680.8,IF2009.CCFX,2020-09-08,4668.8,0
4577.2,IF2009.CCFX,2020-09-09,4635.0,0
4575.2,IF2009.CCFX,2020-09-10,4615.8,0
4612.6,IF2009.CCFX,2020-09-11,4571.0,0
4644.8,IF2009.CCFX,2020-09-14,4636.0,0
4677.6,IF2009.CCFX,2020-09-15,4639.8,0
4648.2,IF2009.CCFX,2020-09-16,4673.4,0
4625.6,IF2009.CCFX,2020-09-17,4640.2,0
4734.8,IF2010.CCFX,2020-09-18,4609.8,1
4673.6,IF2010.CCFX,2020-09-21,4744.8,0
4617.8,IF2010.CCFX,2020-09-22,4656.6,0
4621.2,IF2010.CCFX,2020-09-23,4623.2,0
4548.4,IF2010.CCFX,2020-09-24,4601.6,0
4563.4,IF2010.CCFX,2020-09-25,4567.2,0
4577.0,IF2010.CCFX,2020-09-28,4580.8,0
4586.2,IF2010.CCFX,2020-09-29,4600.0,0
4555.4,IF2010.CCFX,2020-09-30,4607.2,0
4660.4,IF2010.CCFX,2020-10-09,4648.4,0
4819.6,IF2010.CCFX,2020-10-12,4690.0,0
4832.2,IF2010.CCFX,2020-10-13,4808.2,0
4813.6,IF2010.CCFX,2020-10-14,4823.2,0
4802.6,IF2010.CCFX,2020-10-15,4813.8,0
4767.4,IF2011.CCFX,2020-10-16,4786.8,1
4731.6,IF2011.CCFX,2020-10-19,4811.8,0
4762.0,IF2011.CCFX,2020-10-20,4728.4,0
4769.6,IF2011.CCFX,2020-10-21,4777.0,0
4724.0,IF2012.CCFX,2020-10-22,4720.0,1
4689.6,IF2012.CCFX,2020-10-23,4723.2,0
4643.8,IF2012.CCFX,2020-10-26,4673.0,0
4660.6,IF2012.CCFX,2020-10-27,4634.2,0
4704.8,IF2012.CCFX,2020-10-28,4660.6,0
4751.2,IF2012.CCFX,2020-10-29,4661.0,0
4667.2,IF2012.CCFX,2020-10-30,4755.0,0
4697.8,IF2012.CCFX,2020-11-02,4678.8,0
4743.0,IF2012.CCFX,2020-11-03,4719.0,0
4782.2,IF2012.CCFX,2020-11-04,4749.2,0
4862.0,IF2012.CCFX,2020-11-05,4829.8,0
4864.6,IF2012.CCFX,2020-11-06,4877.0,0
4968.8,IF2012.CCFX,2020-11-09,4899.4,0
4940.8,IF2012.CCFX,2020-11-10,4980.0,0
4900.0,IF2012.CCFX,2020-11-11,4928.0,0
4892.8,IF2012.CCFX,2020-11-12,4915.0,0
4837.2,IF2012.CCFX,2020-11-13,4875.0,0
4888.0,IF2012.CCFX,2020-11-16,4870.0,0
4876.0,IF2012.CCFX,2020-11-17,4875.8,0
4873.2,IF2012.CCFX,2020-11-18,4870.0,0
4925.8,IF2012.CCFX,2020-11-19,4863.0,0
4937.2,IF2012.CCFX,2020-11-20,4925.0,0
4995.0,IF2012.CCFX,2020-11-23,4951.8,0
4971.8,IF2012.CCFX,2020-11-24,4990.4,0
4910.0,IF2012.CCFX,2020-11-25,4992.0,0
4914.0,IF2012.CCFX,2020-11-26,4915.0,0
4987.8,IF2012.CCFX,2020-11-27,4921.0,0
4961.2,IF2012.CCFX,2020-11-30,4997.0,0
5075.0,IF2012.CCFX,2020-12-01,4974.0,0
5064.4,IF2012.CCFX,2020-12-02,5077.2,0
5062.2,IF2012.CCFX,2020-12-03,5063.0,0
5072.4,IF2012.CCFX,2020-12-04,5057.2,0
5028.2,IF2012.CCFX,2020-12-07,5071.0,0
5013.8,IF2012.CCFX,2020-12-08,5042.2,0
4954.0,IF2012.CCFX,2020-12-09,5029.0,0
4943.8,IF2012.CCFX,2020-12-10,4945.8,0
4887.4,IF2012.CCFX,2020-12-11,4969.0,0
4931.8,IF2012.CCFX,2020-12-14,4900.2,0
4943.6,IF2012.CCFX,2020-12-15,4923.6,0
4955.0,IF2012.CCFX,2020-12-16,4956.8,0
5029.8,IF2012.CCFX,2020-12-17,4955.0,0
4993.0,IF2101.CCFX,2020-12-18,5019.0,1
5040.8,IF2101.CCFX,2020-12-21,4988.8,0
4965.0,IF2101.CCFX,2020-12-22,5034.8,0
5001.8,IF2101.CCFX,2020-12-23,4977.8,0
5002.6,IF2101.CCFX,2020-12-24,5002.0,0
5043.4,IF2101.CCFX,2020-12-25,4981.6,0
5064.2,IF2101.CCFX,2020-12-28,5043.8,0
5052.2,IF2101.CCFX,2020-12-29,5075.0,0
5115.8,IF2101.CCFX,2020-12-30,5047.6,0
5227.0,IF2101.CCFX,2020-12-31,5129.8,0
5260.0,IF2101.CCFX,2021-01-04,5230.0,0
5359.8,IF2101.CCFX,2021-01-05,5250.0,0
5408.4,IF2101.CCFX,2021-01-06,5374.8,0
5530.0,IF2101.CCFX,2021-01-07,5426.8,0
5505.4,IF2101.CCFX,2021-01-08,5546.4,0
5436.8,IF2101.CCFX,2021-01-11,5515.0,0
5596.8,IF2101.CCFX,2021-01-12,5427.2,0
5578.6,IF2101.CCFX,2021-01-13,5598.0,0
5478.4,IF2101.CCFX,2021-01-14,5564.6,0
5448.0,IF2102.CCFX,2021-01-15,5493.0,1
5508.0,IF2102.CCFX,2021-01-18,5432.0,0
5429.2,IF2103.CCFX,2021-01-19,5510.0,1
5455.0,IF2103.CCFX,2021-01-20,5434.0,0
5540.4,IF2103.CCFX,2021-01-21,5475.0,0
5532.4,IF2103.CCFX,2021-01-22,5536.8,0
5575.4,IF2103.CCFX,2021-01-25,5536.0,0
5487.6,IF2103.CCFX,2021-01-26,5551.2,0
5485.4,IF2103.CCFX,2021-01-27,5488.0,0
5366.6,IF2103.CCFX,2021-01-28,5438.6,0
5330.2,IF2103.CCFX,2021-01-29,5399.4,0
5393.2,IF2103.CCFX,2021-02-01,5330.0,0
5457.6,IF2103.CCFX,2021-02-02,5405.0,0
5461.0,IF2103.CCFX,2021-02-03,5458.0,0
5461.6,IF2103.CCFX,2021-02-04,5440.0,0
5463.2,IF2103.CCFX,2021-02-05,5481.8,0
5526.0,IF2103.CCFX,2021-02-08,5487.0,0
5659.0,IF2103.CCFX,2021-02-09,5549.0,0
5787.2,IF2103.CCFX,2021-02-10,5665.6,0
5735.8,IF2103.CCFX,2021-02-18,5899.8,0
5746.2,IF2103.CCFX,2021-02-19,5724.2,0
5578.0,IF2103.CCFX,2021-02-22,5759.0,0
5563.6,IF2103.CCFX,2021-02-23,5554.6,0
5419.6,IF2103.CCFX,2021-02-24,5581.0,0
5466.8,IF2103.CCFX,2021-02-25,5476.6,0
5315.0,IF2103.CCFX,2021-02-26,5363.0,0
5391.2,IF2103.CCFX,2021-03-01,5359.2,0
5310.0,IF2103.CCFX,2021-03-02,5413.8,0
5411.0,IF2103.CCFX,2021-03-03,5299.4,0
5268.6,IF2103.CCFX,2021-03-04,5363.4,0
5255.4,IF2103.CCFX,2021-03-05,5200.0,0
5049.6,IF2103.CCFX,2021-03-08,5291.2,0
4966.2,IF2103.CCFX,2021-03-09,5063.0,0
4981.0,IF2103.CCFX,2021-03-10,5031.8,0
5112.0,IF2103.CCFX,2021-03-11,5012.4,0
5120.0,IF2103.CCFX,2021-03-12,5127.2,0
5028.8,IF2103.CCFX,2021-03-15,5100.0,0
5053.2,IF2103.CCFX,2021-03-16,5043.8,0
5074.2,IF2103.CCFX,2021-03-17,5041.0,0
5134.8,IF2103.CCFX,2021-03-18,5098.0,0
4941.0,IF2104.CCFX,2021-03-19,5016.0,1
5000.6,IF2104.CCFX,2021-03-22,4950.0,0
4977.4,IF2104.CCFX,2021-03-23,5010.0,0
4917.4,IF2104.CCFX,2021-03-24,4964.6,0
4916.6,IF2104.CCFX,2021-03-25,4909.8,0
5016.4,IF2104.CCFX,2021-03-26,4941.0,0
5012.0,IF2104.CCFX,2021-03-29,5026.4,0
5052.0,IF2104.CCFX,2021-03-30,5015.8,0
5017.2,IF2104.CCFX,2021-03-31,5043.8,0
5093.6,IF2104.CCFX,2021-04-01,5035.6,0
5140.8,IF2104.CCFX,2021-04-02,5106.2,0
5101.0,IF2104.CCFX,2021-04-06,5150.0,0
5068.0,IF2104.CCFX,2021-04-07,5111.0,0
5087.8,IF2104.CCFX,2021-04-08,5050.0,0
5021.6,IF2104.CCFX,2021-04-09,5075.0,0
4952.2,IF2104.CCFX,2021-04-12,5026.0,0
4950.6,IF2104.CCFX,2021-04-13,4966.2,0
4976.8,IF2104.CCFX,2021-04-14,4958.4,0
4954.0,IF2104.CCFX,2021-04-15,4968.2,0
4938.4,IF2105.CCFX,2021-04-16,4933.0,1
5072.8,IF2105.CCFX,2021-04-19,4932.0,0
5063.8,IF2105.CCFX,2021-04-20,5050.0,0
5068.0,IF2105.CCFX,2021-04-21,5040.0,0
5057.2,IF2105.CCFX,2021-04-22,5095.0,0
5119.4,IF2105.CCFX,2021-04-23,5070.0,0
5042.0,IF2105.CCFX,2021-04-26,5140.0,0
5059.2,IF2105.CCFX,2021-04-27,5064.0,0
5103.6,IF2105.CCFX,2021-04-28,5036.6,0
5157.6,IF2105.CCFX,2021-04-29,5120.2,0
5106.8,IF2105.CCFX,2021-04-30,5145.0,0
5046.0,IF2105.CCFX,2021-05-06,5102.0,0
4981.6,IF2105.CCFX,2021-05-07,5064.0,0
4988.6,IF2105.CCFX,2021-05-10,4998.0,0
5017.6,IF2105.CCFX,2021-05-11,4956.2,0
5045.6,IF2105.CCFX,2021-05-12,5004.6,0
4992.8,IF2105.CCFX,2021-05-13,5000.0,0
5092.6,IF2106.CCFX,2021-05-14,4979.0,1
5157.0,IF2106.CCFX,2021-05-17,5092.6,0
5161.0,IF2106.CCFX,2021-05-18,5165.2,0
5151.0,IF2106.CCFX,2021-05-19,5145.0,0
5172.2,IF2106.CCFX,2021-05-20,5143.2,0
5106.4,IF2106.CCFX,2021-05-21,5190.0,0
5135.2,IF2106.CCFX,2021-05-24,5118.6,0
5315.8,IF2106.CCFX,2021-05-25,5145.4,0
5315.8,IF2106.CCFX,2021-05-26,5320.6,0
5333.0,IF2106.CCFX,2021-05-27,5307.2,0
5314.0,IF2106.CCFX,2021-05-28,5331.6,0
5319.8,IF2106.CCFX,2021-05-31,5310.0,0
5323.0,IF2106.CCFX,2021-06-01,5311.0,0
5280.8,IF2106.CCFX,2021-06-02,5332.8,0
5233.2,IF2106.CCFX,2021-06-03,5281.0,0
5269.2,IF2106.CCFX,2021-06-04,5220.0,0
5263.8,IF2106.CCFX,2021-06-07,5273.0,0
5219.8,IF2106.CCFX,2021-06-08,5262.0,0
5230.6,IF2106.CCFX,2021-06-09,5212.2,0
5268.6,IF2106.CCFX,2021-06-10,5230.0,0
5216.2,IF2106.CCFX,2021-06-11,5275.4,0
5157.2,IF2106.CCFX,2021-06-15,5218.4,0
5081.0,IF2106.CCFX,2021-06-16,5160.0,0
5093.0,IF2106.CCFX,2021-06-17,5075.0,0
5062.8,IF2107.CCFX,2021-06-18,5059.2,1
5062.2,IF2107.CCFX,2021-06-21,5060.0,0
5080.2,IF2107.CCFX,2021-06-22,5080.0,0
5116.6,IF2107.CCFX,2021-06-23,5087.0,0
5133.6,IF2107.CCFX,2021-06-24,5127.0,0
5220.0,IF2107.CCFX,2021-06-25,5136.2,0
5223.0,IF2107.CCFX,2021-06-28,5233.0,0
5163.8,IF2107.CCFX,2021-06-29,5219.0,0
5192.6,IF2107.CCFX,2021-06-30,5170.4,0
5155.6,IF2107.CCFX,2021-07-01,5215.0,0
5045.2,IF2107.CCFX,2021-07-02,5150.0,0
5062.0,IF2107.CCFX,2021-07-05,5047.8,0
5067.0,IF2107.CCFX,2021-07-06,5066.2,0
5124.2,IF2107.CCFX,2021-07-07,5040.8,0
5076.4,IF2107.CCFX,2021-07-08,5130.8,0
5051.0,IF2107.CCFX,2021-07-09,5060.2,0
5112.0,IF2107.CCFX,2021-07-12,5086.0,0
5134.0,IF2107.CCFX,2021-07-13,5115.0,0
5075.0,IF2107.CCFX,2021-07-14,5118.4,0
5145.8,IF2107.CCFX,2021-07-15,5078.6,0
5074.4,IF2108.CCFX,2021-07-16,5115.4,1
5097.8,IF2108.CCFX,2021-07-19,5063.0,0
5087.2,IF2108.CCFX,2021-07-20,5075.0,0
5120.8,IF2108.CCFX,2021-07-21,5104.2,0
5126.2,IF2108.CCFX,2021-07-22,5129.6,0
5073.2,IF2108.CCFX,2021-07-23,5118.0,0
4892.0,IF2108.CCFX,2021-07-26,5051.0,0
4720.4,IF2108.CCFX,2021-07-27,4892.6,0
4737.6,IF2108.CCFX,2021-07-28,4734.6,0
4804.8,IF2108.CCFX,2021-07-29,4821.0,0
4773.6,IF2108.CCFX,2021-07-30,4760.0,0
4891.4,IF2108.CCFX,2021-08-02,4770.0,0
4903.4,IF2108.CCFX,2021-08-03,4878.4,0
4923.2,IF2108.CCFX,2021-08-04,4893.0,0
4893.4,IF2108.CCFX,2021-08-05,4893.4,0
4891.6,IF2108.CCFX,2021-08-06,4900.0,0
4943.2,IF2108.CCFX,2021-08-09,4866.0,0
5013.2,IF2108.CCFX,2021-08-10,4938.4,0
4973.4,IF2108.CCFX,2021-08-11,5002.2,0
4949.0,IF2108.CCFX,2021-08-12,4962.8,0
4903.6,IF2109.CCFX,2021-08-13,4911.8,1
4905.0,IF2109.CCFX,2021-08-16,4900.0,0
4796.4,IF2109.CCFX,2021-08-17,4901.0,0
4850.8,IF2109.CCFX,2021-08-18,4804.2,0
4814.2,IF2109.CCFX,2021-08-19,4844.0,0
4718.0,IF2109.CCFX,2021-08-20,4800.0,0
4789.8,IF2109.CCFX,2021-08-23,4747.2,0
4851.8,IF2109.CCFX,2021-08-24,4811.0,0
4851.2,IF2109.CCFX,2021-08-25,4866.8,0
4775.8,IF2109.CCFX,2021-08-26,4842.4,0
4795.2,IF2109.CCFX,2021-08-27,4770.4,0
4777.0,IF2109.CCFX,2021-08-30,4816.0,0
4778.4,IF2109.CCFX,2021-08-31,4782.0,0
4856.4,IF2109.CCFX,2021-09-01,4767.2,0
4854.2,IF2109.CCFX,2021-09-02,4855.0,0
4835.2,IF2109.CCFX,2021-09-03,4862.2,0
4914.0,IF2109.CCFX,2021-09-06,4837.8,0
4984.4,IF2109.CCFX,2021-09-07,4919.6,0
4961.0,IF2109.CCFX,2021-09-08,4982.8,0
4958.8,IF2109.CCFX,2021-09-09,4948.0,0
5016.8,IF2109.CCFX,2021-09-10,4959.8,0
4985.2,IF2109.CCFX,2021-09-13,5004.8,0
4917.2,IF2109.CCFX,2021-09-14,4989.2,0
4869.8,IF2109.CCFX,2021-09-15,4909.8,0
4812.6,IF2109.CCFX,2021-09-16,4873.8,0
4848.2,IF2110.CCFX,2021-09-17,4802.0,1
4814.6,IF2110.CCFX,2021-09-22,4777.8,0
4838.4,IF2110.CCFX,2021-09-23,4838.0,0
4857.2,IF2110.CCFX,2021-09-24,4831.0,0
4891.4,IF2110.CCFX,2021-09-27,4879.8,0
4877.2,IF2110.CCFX,2021-09-28,4874.0,0
4854.0,IF2110.CCFX,2021-09-29,4850.0,0
4855.2,IF2110.CCFX,2021-09-30,4850.4,0
4931.2,IF2110.CCFX,2021-10-08,4900.0,0
4930.2,IF2110.CCFX,2021-10-11,4943.2,0
4877.2,IF2110.CCFX,2021-10-12,4915.6,0
4935.6,IF2110.CCFX,2021-10-13,4870.4,0
4907.2,IF2110.CCFX,2021-10-14,4935.8,0
4933.0,IF2111.CCFX,2021-10-15,4893.0,1
4860.0,IF2111.CCFX,2021-10-18,4920.0,0
4895.6,IF2112.CCFX,2021-10-19,4847.8,1
4889.8,IF2112.CCFX,2021-10-20,4910.0,0
4916.4,IF2112.CCFX,2021-10-21,4899.8,0
4953.4,IF2112.CCFX,2021-10-22,4926.2,0
4967.2,IF2112.CCFX,2021-10-25,4941.8,0
4947.8,IF2112.CCFX,2021-10-26,4976.6,0
4872.2,IF2112.CCFX,2021-10-27,4927.0,0
4869.6,IF2112.CCFX,2021-10-28,4860.2,0
4900.6,IF2112.CCFX,2021-10-29,4869.6,0
4885.4,IF2112.CCFX,2021-11-01,4874.2,0
4833.0,IF2112.CCFX,2021-11-02,4889.6,0
4815.4,IF2112.CCFX,2021-11-03,4833.0,0
4859.6,IF2112.CCFX,2021-11-04,4840.2,0
4846.0,IF2112.CCFX,2021-11-05,4857.2,0
4841.2,IF2112.CCFX,2021-11-08,4851.0,0
4840.0,IF2112.CCFX,2021-11-09,4860.2,0
4809.8,IF2112.CCFX,2021-11-10,4829.6,0
4894.0,IF2112.CCFX,2021-11-11,4793.8,0
4891.4,IF2112.CCFX,2021-11-12,4901.6,0
4890.2,IF2112.CCFX,2021-11-15,4898.2,0
4886.0,IF2112.CCFX,2021-11-16,4897.2,0
4881.8,IF2112.CCFX,2021-11-17,4886.8,0
4830.2,IF2112.CCFX,2021-11-18,4869.6,0
4894.8,IF2112.CCFX,2021-11-19,4826.0,0
4905.0,IF2112.CCFX,2021-11-22,4904.6,0
4907.6,IF2112.CCFX,2021-11-23,4899.0,0
4916.6,IF2112.CCFX,2021-11-24,4912.4,0
4896.8,IF2112.CCFX,2021-11-25,4916.4,0
4856.0,IF2112.CCFX,2021-11-26,4881.6,0
4853.2,IF2112.CCFX,2021-11-29,4827.6,0
4833.2,IF2112.CCFX,2021-11-30,4865.6,0
4847.2,IF2112.CCFX,2021-12-01,4842.2,0
4858.6,IF2112.CCFX,2021-12-02,4844.6,0
4906.2,IF2112.CCFX,2021-12-03,4858.8,0
4895.2,IF2112.CCFX,2021-12-06,4918.0,0
4925.0,IF2112.CCFX,2021-12-07,4932.2,0
5005.8,IF2112.CCFX,2021-12-08,4932.0,0
5089.2,IF2112.CCFX,2021-12-09,5010.0,0
5073.0,IF2112.CCFX,2021-12-10,5068.2,0
5080.6,IF2112.CCFX,2021-12-13,5120.0,0
5059.4,IF2112.CCFX,2021-12-14,5067.2,0
5009.2,IF2112.CCFX,2021-12-15,5048.2,0
5035.2,IF2112.CCFX,2021-12-16,5013.8,0
4976.2,IF2201.CCFX,2021-12-17,5038.0,1
4904.0,IF2201.CCFX,2021-12-20,4961.4,0
4923.2,IF2201.CCFX,2021-12-21,4907.6,0
4921.4,IF2201.CCFX,2021-12-22,4934.8,0
4962.4,IF2201.CCFX,2021-12-23,4934.0,0
4937.6,IF2201.CCFX,2021-12-24,4967.0,0
4945.0,IF2201.CCFX,2021-12-27,4938.0,0
4974.6,IF2201.CCFX,2021-12-28,4950.8,0
4903.0,IF2201.CCFX,2021-12-29,4979.8,0
4940.0,IF2201.CCFX,2021-12-30,4905.0,0
4943.0,IF2201.CCFX,2021-12-31,4960.0,0
4925.6,IF2201.CCFX,2022-01-04,4960.0,0
4877.0,IF2201.CCFX,2022-01-05,4919.6,0
4818.2,IF2201.CCFX,2022-01-06,4860.2,0
4829.6,IF2201.CCFX,2022-01-07,4833.6,0
4845.6,IF2201.CCFX,2022-01-10,4822.0,0
4800.8,IF2201.CCFX,2022-01-11,4841.6,0
4852.6,IF2201.CCFX,2022-01-12,4822.0,0
4767.2,IF2201.CCFX,2022-01-13,4863.0,0
4723.6,IF2201.CCFX,2022-01-14,4753.2,0
4763.6,IF2201.CCFX,2022-01-17,4732.0,0
4812.2,IF2201.CCFX,2022-01-18,4760.0,0
4788.4,IF2201.CCFX,2022-01-19,4818.2,0
4825.0,IF2201.CCFX,2022-01-20,4784.4,0
4805.2,IF2202.CCFX,2022-01-21,4824.0,1
4803.4,IF2202.CCFX,2022-01-24,4785.0,0
4693.8,IF2203.CCFX,2022-01-25,4800.0,1
4723.4,IF2203.CCFX,2022-01-26,4715.0,0
4640.2,IF2203.CCFX,2022-01-27,4712.4,0
4531.0,IF2203.CCFX,2022-01-28,4670.0,0
4627.4,IF2203.CCFX,2022-02-07,4620.0,0
4606.6,IF2203.CCFX,2022-02-08,4627.0,0
4650.4,IF2203.CCFX,2022-02-09,4610.4,0
4636.0,IF2203.CCFX,2022-02-10,4657.0,0
4598.0,IF2203.CCFX,2022-02-11,4617.8,0
4552.2,IF2203.CCFX,2022-02-14,4580.0,0
4591.8,IF2203.CCFX,2022-02-15,4558.8,0
4612.0,IF2203.CCFX,2022-02-16,4615.0,0
4619.6,IF2203.CCFX,2022-02-17,4611.2,0
4648.8,IF2203.CCFX,2022-02-18,4600.0,0
4627.4,IF2203.CCFX,2022-02-21,4641.4,0
4569.4,IF2203.CCFX,2022-02-22,4594.2,0
4617.2,IF2203.CCFX,2022-02-23,4579.0,0
4534.0,IF2203.CCFX,2022-02-24,4590.0,0
4572.0,IF2203.CCFX,2022-02-25,4569.0,0
4574.4,IF2203.CCFX,2022-02-28,4566.0,0
4608.6,IF2203.CCFX,2022-03-01,4600.0,0
4575.0,IF2203.CCFX,2022-03-02,4586.6,0
4546.8,IF2203.CCFX,2022-03-03,4599.4,0
4499.4,IF2203.CCFX,2022-03-04,4501.6,0
4339.4,IF2203.CCFX,2022-03-07,4450.4,0
4237.0,IF2203.CCFX,2022-03-08,4364.4,0
4202.0,IF2203.CCFX,2022-03-09,4266.2,0
4266.4,IF2203.CCFX,2022-03-10,4275.8,0
4311.0,IF2203.CCFX,2022-03-11,4209.0,0
4162.4,IF2203.CCFX,2022-03-14,4248.0,0
3941.4,IF2203.CCFX,2022-03-15,4110.0,0
4152.2,IF2203.CCFX,2022-03-16,4039.6,0
4234.0,IF2203.CCFX,2022-03-17,4239.6,0
4232.6,IF2204.CCFX,2022-03-18,4190.0,1
4215.0,IF2204.CCFX,2022-03-21,4236.2,0
4213.2,IF2204.CCFX,2022-03-22,4217.0,0
4241.2,IF2204.CCFX,2022-03-23,4235.0,0
4218.8,IF2204.CCFX,2022-03-24,4215.0,0
4137.0,IF2204.CCFX,2022-03-25,4220.0,0
4128.2,IF2204.CCFX,2022-03-28,4100.0,0
4113.2,IF2204.CCFX,2022-03-29,4140.0,0
4254.2,IF2204.CCFX,2022-03-30,4149.0,0
4218.8,IF2204.CCFX,2022-03-31,4234.8,0
4268.0,IF2204.CCFX,2022-04-01,4190.2,0
4242.0,IF2204.CCFX,2022-04-06,4242.0,0
4195.2,IF2204.CCFX,2022-04-07,4220.0,0
4233.8,IF2204.CCFX,2022-04-08,4203.2,0
4100.0,IF2204.CCFX,2022-04-11,4192.2,0
4176.0,IF2204.CCFX,2022-04-12,4108.8,0
4147.8,IF2204.CCFX,2022-04-13,4151.4,0
4186.2,IF2204.CCFX,2022-04-14,4180.0,0
4182.4,IF2205.CCFX,2022-04-15,4160.0,1
4158.2,IF2205.CCFX,2022-04-18,4138.2,0
4124.6,IF2206.CCFX,2022-04-19,4150.0,1
4042.6,IF2206.CCFX,2022-04-20,4119.0,0
3984.0,IF2206.CCFX,2022-04-21,4033.0,0
3997.2,IF2206.CCFX,2022-04-22,3951.0,0
3798.0,IF2206.CCFX,2022-04-25,3919.0,0
3772.0,IF2206.CCFX,2022-04-26,3820.8,0
3871.0,IF2206.CCFX,2022-04-27,3766.6,0
3897.0,IF2206.CCFX,2022-04-28,3858.0,0
4003.0,IF2206.CCFX,2022-04-29,3919.0,0
3979.8,IF2206.CCFX,2022-05-05,3980.0,0
3866.6,IF2206.CCFX,2022-05-06,3920.0,0
3835.0,IF2206.CCFX,2022-05-09,3850.6,0
3900.2,IF2206.CCFX,2022-05-10,3788.0,0
3941.8,IF2206.CCFX,2022-05-11,3896.8,0
3928.4,IF2206.CCFX,2022-05-12,3930.0,0
3960.4,IF2206.CCFX,2022-05-13,3971.0,0
3914.2,IF2206.CCFX,2022-05-16,3992.2,0
3975.0,IF2206.CCFX,2022-05-17,3933.0,0
3958.0,IF2206.CCFX,2022-05-18,3975.0,0
3972.4,IF2206.CCFX,2022-05-19,3917.4,0
4063.0,IF2206.CCFX,2022-05-20,3999.0,0
4015.0,IF2206.CCFX,2022-05-23,4063.0,0
3938.6,IF2206.CCFX,2022-05-24,4018.0,0
3958.0,IF2206.CCFX,2022-05-25,3949.0,0
3969.6,IF2206.CCFX,2022-05-26,3957.0,0
3983.2,IF2206.CCFX,2022-05-27,4003.0,0
4001.8,IF2206.CCFX,2022-05-30,4003.4,0
4069.2,IF2206.CCFX,2022-05-31,4003.0,0
4059.2,IF2206.CCFX,2022-06-01,4066.0,0
4070.6,IF2206.CCFX,2022-06-02,4041.0,0
4144.4,IF2206.CCFX,2022-06-06,4068.6,0
4152.4,IF2206.CCFX,2022-06-07,4131.0,0
4202.6,IF2206.CCFX,2022-06-08,4167.6,0
4168.0,IF2206.CCFX,2022-06-09,4192.6,0
4234.0,IF2206.CCFX,2022-06-10,4144.0,0
4183.2,IF2206.CCFX,2022-06-13,4195.0,0
4229.2,IF2206.CCFX,2022-06-14,4151.4,0
4277.4,IF2206.CCFX,2022-06-15,4239.4,0
4248.8,IF2206.CCFX,2022-06-16,4292.0,0
4277.2,IF2207.CCFX,2022-06-17,4197.8,1
4282.6,IF2207.CCFX,2022-06-20,4296.8,0
4286.4,IF2207.CCFX,2022-06-21,4281.8,0
4231.0,IF2207.CCFX,2022-06-22,4289.2,0
4315.8,IF2207.CCFX,2022-06-23,4249.0,0
4366.2,IF2207.CCFX,2022-06-24,4328.0,0
4410.6,IF2207.CCFX,2022-06-27,4388.0,0
4465.4,IF2207.CCFX,2022-06-28,4404.4,0
4413.4,IF2207.CCFX,2022-06-29,4451.6,0
4461.8,IF2207.CCFX,2022-06-30,4415.0,0
4445.2,IF2207.CCFX,2022-07-01,4464.0,0
4472.2,IF2207.CCFX,2022-07-04,4425.0,0
4459.4,IF2207.CCFX,2022-07-05,4492.4,0
4400.4,IF2207.CCFX,2022-07-06,4449.0,0
4416.6,IF2207.CCFX,2022-07-07,4400.0,0
4409.6,IF2207.CCFX,2022-07-08,4445.0,0
4337.0,IF2207.CCFX,2022-07-11,4387.6,0
4300.8,IF2207.CCFX,2022-07-12,4342.0,0
4306.6,IF2207.CCFX,2022-07-13,4313.6,0
4310.0,IF2207.CCFX,2022-07-14,4293.4,0
4210.0,IF2208.CCFX,2022-07-15,4286.0,1
4273.0,IF2208.CCFX,2022-07-18,4228.8,0
4244.8,IF2209.CCFX,2022-07-19,4249.8,1
4252.8,IF2209.CCFX,2022-07-20,4267.0,0
4204.0,IF2209.CCFX,2022-07-21,4241.0,0
4215.0,IF2209.CCFX,2022-07-22,4220.2,0
4196.8,IF2209.CCFX,2022-07-25,4203.4,0
4227.4,IF2209.CCFX,2022-07-26,4205.8,0
4205.2,IF2209.CCFX,2022-07-27,4216.8,0
4205.2,IF2209.CCFX,2022-07-28,4220.0,0
4142.6,IF2209.CCFX,2022-07-29,4213.0,0
4162.6,IF2209.CCFX,2022-08-01,4135.0,0
4099.2,IF2209.CCFX,2022-08-02,4125.0,0
4050.2,IF2209.CCFX,2022-08-03,4117.4,0
4082.2,IF2209.CCFX,2022-08-04,4075.0,0
4150.0,IF2209.CCFX,2022-08-05,4092.8,0
4135.2,IF2209.CCFX,2022-08-08,4139.8,0
4140.0,IF2209.CCFX,2022-08-09,4131.6,0
4093.4,IF2209.CCFX,2022-08-10,4133.0,0
4186.2,IF2209.CCFX,2022-08-11,4110.2,0
4189.0,IF2209.CCFX,2022-08-12,4180.0,0
4177.2,IF2209.CCFX,2022-08-15,4188.0,0
4167.0,IF2209.CCFX,2022-08-16,4182.4,0
4206.8,IF2209.CCFX,2022-08-17,4173.8,0
4170.6,IF2209.CCFX,2022-08-18,4200.0,0
4142.0,IF2209.CCFX,2022-08-19,4171.6,0
4168.2,IF2209.CCFX,2022-08-22,4132.4,0
4154.6,IF2209.CCFX,2022-08-23,4173.8,0
4080.2,IF2209.CCFX,2022-08-24,4163.0,0
4115.0,IF2209.CCFX,2022-08-25,4093.8,0
4107.4,IF2209.CCFX,2022-08-26,4123.8,0
4084.0,IF2209.CCFX,2022-08-29,4070.2,0
4076.6,IF2209.CCFX,2022-08-30,4085.0,0
4081.4,IF2209.CCFX,2022-08-31,4066.0,0
4043.6,IF2209.CCFX,2022-09-01,4069.4,0
4020.2,IF2209.CCFX,2022-09-02,4051.2,0
4017.6,IF2209.CCFX,2022-09-05,4006.0,0
4046.8,IF2209.CCFX,2022-09-06,4023.8,0
4055.8,IF2209.CCFX,2022-09-07,4032.0,0
4038.8,IF2209.CCFX,2022-09-08,4065.0,0
4098.2,IF2209.CCFX,2022-09-09,4048.6,0
4109.2,IF2209.CCFX,2022-09-13,4102.0,0
4068.8,IF2209.CCFX,2022-09-14,4072.2,0
4029.8,IF2209.CCFX,2022-09-15,4075.0,0
3937.2,IF2210.CCFX,2022-09-16,4020.0,1
3929.0,IF2210.CCFX,2022-09-19,3931.0,0
3928.6,IF2210.CCFX,2022-09-20,3949.0,0
3896.6,IF2210.CCFX,2022-09-21,3921.2,0
3870.0,IF2210.CCFX,2022-09-22,3879.2,0
3864.4,IF2210.CCFX,2022-09-23,3866.0,0
3841.4,IF2210.CCFX,2022-09-26,3840.8,0
3890.2,IF2210.CCFX,2022-09-27,3852.6,0
3836.6,IF2210.CCFX,2022-09-28,3880.0,0
3837.6,IF2210.CCFX,2022-09-29,3868.2,0
3808.4,IF2210.CCFX,2022-09-30,3849.2,0
3728.2,IF2210.CCFX,2022-10-10,3812.0,0
3726.8,IF2210.CCFX,2022-10-11,3736.0,0
3784.6,IF2210.CCFX,2022-10-12,3724.6,0
3754.8,IF2210.CCFX,2022-10-13,3761.0,0
3841.4,IF2210.CCFX,2022-10-14,3785.4,0
3837.4,IF2210.CCFX,2022-10-17,3830.0,0
3835.4,IF2210.CCFX,2022-10-18,3862.0,0
3775.2,IF2210.CCFX,2022-10-19,3825.8,0
3761.0,IF2210.CCFX,2022-10-20,3754.2,0
3734.4,IF2211.CCFX,2022-10-21,3756.6,1
3631.0,IF2211.CCFX,2022-10-24,3721.2,0
3626.0,IF2212.CCFX,2022-10-25,3623.8,1
3655.6,IF2212.CCFX,2022-10-26,3631.6,0
3631.6,IF2212.CCFX,2022-10-27,3673.0,0
3538.0,IF2212.CCFX,2022-10-28,3625.0,0
3500.8,IF2212.CCFX,2022-10-31,3505.0,0
3647.6,IF2212.CCFX,2022-11-01,3525.8,0
3679.0,IF2212.CCFX,2022-11-02,3629.8,0
3651.0,IF2212.CCFX,2022-11-03,3662.0,0
3783.0,IF2212.CCFX,2022-11-04,3652.0,0
3785.0,IF2212.CCFX,2022-11-07,3750.2,0
3761.2,IF2212.CCFX,2022-11-08,3787.0,0
3717.0,IF2212.CCFX,2022-11-09,3764.4,0
3694.0,IF2212.CCFX,2022-11-10,3703.6,0
3798.0,IF2212.CCFX,2022-11-11,3800.0,0
3797.0,IF2212.CCFX,2022-11-14,3838.8,0
3875.0,IF2212.CCFX,2022-11-15,3798.0,0
3844.6,IF2212.CCFX,2022-11-16,3863.0,0
3827.6,IF2212.CCFX,2022-11-17,3824.0,0
3812.0,IF2212.CCFX,2022-11-18,3833.0,0
3779.2,IF2212.CCFX,2022-11-21,3775.2,0
3775.8,IF2212.CCFX,2022-11-22,3781.2,0
3780.8,IF2212.CCFX,2022-11-23,3766.4,0
3761.0,IF2212.CCFX,2022-11-24,3801.8,0
3782.2,IF2212.CCFX,2022-11-25,3760.4,0
3737.0,IF2212.CCFX,2022-11-28,3701.0,0
3858.6,IF2212.CCFX,2022-11-29,3770.0,0
3860.4,IF2212.CCFX,2022-11-30,3850.0,0
3905.0,IF2212.CCFX,2022-12-01,3935.0,0
3883.6,IF2212.CCFX,2022-12-02,3900.0,0
3948.0,IF2212.CCFX,2022-12-05,3927.8,0
3969.8,IF2212.CCFX,2022-12-06,3935.0,0
3958.2,IF2212.CCFX,2022-12-07,3964.4,0
3970.6,IF2212.CCFX,2022-12-08,3960.0,0
4005.0,IF2212.CCFX,2022-12-09,3971.6,0
3963.2,IF2212.CCFX,2022-12-12,3985.0,0
3950.6,IF2212.CCFX,2022-12-13,3963.2,0
3960.8,IF2212.CCFX,2022-12-14,3950.8,0
3953.4,IF2212.CCFX,2022-12-15,3965.0,0
3973.4,IF2301.CCFX,2022-12-16,3954.0,1
3910.8,IF2301.CCFX,2022-12-19,3971.0,0
3852.0,IF2301.CCFX,2022-12-20,3900.0,0
3846.0,IF2301.CCFX,2022-12-21,3859.6,0
3855.0,IF2301.CCFX,2022-12-22,3870.0,0
3846.0,IF2301.CCFX,2022-12-23,3835.0,0
3853.0,IF2301.CCFX,2022-12-26,3850.0,0
3900.0,IF2301.CCFX,2022-12-27,3882.0,0
3885.0,IF2301.CCFX,2022-12-28,3889.2,0
3868.2,IF2301.CCFX,2022-12-29,3868.0,0
3879.4,IF2301.CCFX,2022-12-30,3885.0,0
3894.2,IF2301.CCFX,2023-01-03,3861.0,0
3898.0,IF2301.CCFX,2023-01-04,3897.4,0
3974.4,IF2301.CCFX,2023-01-05,3923.8,0
3990.8,IF2301.CCFX,2023-01-06,3975.2,0
4011.6,IF2301.CCFX,2023-01-09,4008.0,0
4018.0,IF2301.CCFX,2023-01-10,4014.0,0
4017.2,IF2301.CCFX,2023-01-11,4022.0,0
4024.6,IF2301.CCFX,2023-01-12,4029.6,0
4090.8,IF2301.CCFX,2023-01-13,4037.0,0
4149.6,IF2301.CCFX,2023-01-16,4090.6,0
4147.0,IF2301.CCFX,2023-01-17,4151.0,0
4133.4,IF2301.CCFX,2023-01-18,4153.0,0
4158.0,IF2301.CCFX,2023-01-19,4121.4,0
4192.4,IF2302.CCFX,2023-01-20,4191.8,1
4208.0,IF2302.CCFX,2023-01-30,4280.0,0
4180.8,IF2303.CCFX,2023-01-31,4221.2,1
4209.0,IF2303.CCFX,2023-02-01,4198.0,0
4191.8,IF2303.CCFX,2023-02-02,4217.6,0
4146.8,IF2303.CCFX,2023-02-03,4161.4,0
4088.0,IF2303.CCFX,2023-02-06,4105.4,0
4099.0,IF2303.CCFX,2023-02-07,4108.0,0
4086.0,IF2303.CCFX,2023-02-08,4105.0,0
4142.6,IF2303.CCFX,2023-02-09,4079.8,0
4114.0,IF2303.CCFX,2023-02-10,4136.2,0
4144.0,IF2303.CCFX,2023-02-13,4096.0,0
4156.8,IF2303.CCFX,2023-02-14,4149.0,0
4127.4,IF2303.CCFX,2023-02-15,4154.0,0
4098.2,IF2303.CCFX,2023-02-16,4132.8,0
4034.6,IF2303.CCFX,2023-02-17,4099.0,0
4146.8,IF2303.CCFX,2023-02-20,4049.0,0
4149.4,IF2303.CCFX,2023-02-21,4140.0,0
4109.8,IF2303.CCFX,2023-02-22,4131.0,0
4108.2,IF2303.CCFX,2023-02-23,4116.0,0
4067.6,IF2303.CCFX,2023-02-24,4103.0,0
4051.4,IF2303.CCFX,2023-02-27,4050.0,0
4079.2,IF2303.CCFX,2023-02-28,4068.0,0
4133.2,IF2303.CCFX,2023-03-01,4073.0,0
4126.6,IF2303.CCFX,2023-03-02,4124.0,0
4134.4,IF2303.CCFX,2023-03-03,4144.2,0
4103.0,IF2303.CCFX,2023-03-06,4132.2,0
4047.2,IF2303.CCFX,2023-03-07,4097.4,0
4034.8,IF2303.CCFX,2023-03-08,4030.0,0
4023.0,IF2303.CCFX,2023-03-09,4037.0,0
3965.6,IF2303.CCFX,2023-03-10,3996.8,0
4010.0,IF2303.CCFX,2023-03-13,3973.6,0
3988.8,IF2303.CCFX,2023-03-14,3998.0,0
3986.4,IF2303.CCFX,2023-03-15,4017.2,0
3941.0,IF2303.CCFX,2023-03-16,3956.0,0
3964.0,IF2304.CCFX,2023-03-17,3970.0,1
3945.6,IF2304.CCFX,2023-03-20,3967.0,0
3988.6,IF2304.CCFX,2023-03-21,3958.0,0
4003.2,IF2304.CCFX,2023-03-22,4000.0,0
4044.6,IF2304.CCFX,2023-03-23,3993.0,0
4040.6,IF2304.CCFX,2023-03-24,4034.6,0
4019.0,IF2304.CCFX,2023-03-27,4033.0,0
4009.4,IF2304.CCFX,2023-03-28,4028.8,0
4009.0,IF2304.CCFX,2023-03-29,4030.2,0
4052.8,IF2304.CCFX,2023-03-30,4015.0,0
4063.8,IF2304.CCFX,2023-03-31,4060.0,0
4091.2,IF2304.CCFX,2023-04-03,4071.8,0
4111.8,IF2304.CCFX,2023-04-04,4092.2,0
4098.0,IF2304.CCFX,2023-04-06,4095.8,0
4128.2,IF2304.CCFX,2023-04-07,4103.8,0
4112.4,IF2304.CCFX,2023-04-10,4138.0,0
4102.2,IF2304.CCFX,2023-04-11,4116.6,0
4097.2,IF2304.CCFX,2023-04-12,4107.8,0
4073.8,IF2304.CCFX,2023-04-13,4083.2,0
4095.0,IF2304.CCFX,2023-04-14,4086.0,0
4153.6,IF2304.CCFX,2023-04-17,4093.4,0
4161.4,IF2304.CCFX,2023-04-18,4142.6,0
4125.2,IF2304.CCFX,2023-04-19,4160.0,0
4105.2,IF2304.CCFX,2023-04-20,4125.6,0
4038.2,IF2305.CCFX,2023-04-21,4117.2,1
3991.0,IF2305.CCFX,2023-04-24,4048.6,0
3962.0,IF2306.CCFX,2023-04-25,3988.2,1
3956.4,IF2306.CCFX,2023-04-26,3959.6,0
3989.0,IF2306.CCFX,2023-04-27,3950.0,0
4023.0,IF2306.CCFX,2023-04-28,3994.2,0
4024.0,IF2306.CCFX,2023-05-04,4009.0,0
4003.0,IF2306.CCFX,2023-05-05,4023.0,0
4045.0,IF2306.CCFX,2023-05-08,4015.6,0
4012.0,IF2306.CCFX,2023-05-09,4045.0,0
3985.2,IF2306.CCFX,2023-05-10,4009.8,0
3977.8,IF2306.CCFX,2023-05-11,3991.4,0
3924.4,IF2306.CCFX,2023-05-12,3978.0,0
3993.4,IF2306.CCFX,2023-05-15,3920.0,0
3975.2,IF2306.CCFX,2023-05-16,3990.0,0
3949.8,IF2306.CCFX,2023-05-17,3975.2,0
3941.8,IF2306.CCFX,2023-05-18,3958.8,0
3937.8,IF2306.CCFX,2023-05-19,3932.8,0
3957.6,IF2306.CCFX,2023-05-22,3937.8,0
3896.2,IF2306.CCFX,2023-05-23,3957.0,0
3847.4,IF2306.CCFX,2023-05-24,3887.2,0
3833.0,IF2306.CCFX,2023-05-25,3840.0,0
3841.0,IF2306.CCFX,2023-05-26,3830.0,0
3825.0,IF2306.CCFX,2023-05-29,3860.0,0
3825.6,IF2306.CCFX,2023-05-30,3822.0,0
3790.6,IF2306.CCFX,2023-05-31,3811.2,0
3798.0,IF2306.CCFX,2023-06-01,3786.0,0
3850.4,IF2306.CCFX,2023-06-02,3820.0,0
3833.8,IF2306.CCFX,2023-06-05,3850.4,0
3794.0,IF2306.CCFX,2023-06-06,3830.0,0
3781.8,IF2306.CCFX,2023-06-07,3806.8,0
3811.0,IF2306.CCFX,2023-06-08,3786.0,0
3832.8,IF2306.CCFX,2023-06-09,3819.6,0
3833.6,IF2306.CCFX,2023-06-12,3820.4,0
3862.6,IF2306.CCFX,2023-06-13,3829.0,0
3860.6,IF2306.CCFX,2023-06-14,3870.6,0
3924.2,IF2306.CCFX,2023-06-15,3873.0,0
3931.2,IF2307.CCFX,2023-06-16,3900.0,1
3901.4,IF2307.CCFX,2023-06-19,3927.0,0
3893.0,IF2307.CCFX,2023-06-20,3900.0,0
3833.8,IF2307.CCFX,2023-06-21,3878.0,0
3792.8,IF2307.CCFX,2023-06-26,3813.4,0
3817.0,IF2307.CCFX,2023-06-27,3798.2,0
3822.0,IF2307.CCFX,2023-06-28,3808.0,0
3805.4,IF2307.CCFX,2023-06-29,3828.0,0
3827.4,IF2307.CCFX,2023-06-30,3802.0,0
3871.8,IF2307.CCFX,2023-07-03,3839.0,0
3880.8,IF2307.CCFX,2023-07-04,3868.8,0
3849.6,IF2307.CCFX,2023-07-05,3876.0,0
3821.0,IF2307.CCFX,2023-07-06,3839.6,0
3806.2,IF2307.CCFX,2023-07-07,3812.2,0
3825.4,IF2307.CCFX,2023-07-10,3828.4,0
3853.2,IF2307.CCFX,2023-07-11,3839.6,0
3832.2,IF2307.CCFX,2023-07-12,3852.4,0
3897.0,IF2307.CCFX,2023-07-13,3850.8,0
3894.8,IF2307.CCFX,2023-07-14,3903.8,0
3860.0,IF2307.CCFX,2023-07-17,3876.2,0
3855.8,IF2307.CCFX,2023-07-18,3868.2,0
3854.8,IF2307.CCFX,2023-07-19,3844.0,0
3824.8,IF2307.CCFX,2023-07-20,3867.2,0
3834.0,IF2308.CCFX,2023-07-21,3824.2,1
3812.0,IF2308.CCFX,2023-07-24,3808.8,0
3931.4,IF2309.CCFX,2023-07-25,3885.0,1
3921.8,IF2309.CCFX,2023-07-26,3922.6,0
3915.8,IF2309.CCFX,2023-07-27,3933.0,0
4016.0,IF2309.CCFX,2023-07-28,3901.8,0
4033.8,IF2309.CCFX,2023-07-31,4046.0,0
4018.6,IF2309.CCFX,2023-08-01,4033.0,0
3985.6,IF2309.CCFX,2023-08-02,4011.0,0
4018.8,IF2309.CCFX,2023-08-03,3980.2,0
4037.8,IF2309.CCFX,2023-08-04,4060.0,0
4015.4,IF2309.CCFX,2023-08-07,4027.6,0
3998.2,IF2309.CCFX,2023-08-08,3999.0,0
3994.0,IF2309.CCFX,2023-08-09,3991.0,0
3991.8,IF2309.CCFX,2023-08-10,3993.4,0
3889.2,IF2309.CCFX,2023-08-11,3996.8,0
3866.0,IF2309.CCFX,2023-08-14,3850.0,0
3861.8,IF2309.CCFX,2023-08-15,3874.0,0
3831.0,IF2309.CCFX,2023-08-16,3844.6,0
3846.6,IF2309.CCFX,2023-08-17,3816.2,0
3789.4,IF2309.CCFX,2023-08-18,3846.8,0
3734.8,IF2309.CCFX,2023-08-21,3778.8,0
3761.0,IF2309.CCFX,2023-08-22,3753.0,0
3705.0,IF2309.CCFX,2023-08-23,3754.4,0
3730.0,IF2309.CCFX,2023-08-24,3722.8,0
3720.6,IF2309.CCFX,2023-08-25,3710.0,0
3757.2,IF2309.CCFX,2023-08-28,3922.0,0
3796.4,IF2309.CCFX,2023-08-29,3757.4,0
3794.0,IF2309.CCFX,2023-08-30,3810.0,0
3776.8,IF2309.CCFX,2023-08-31,3798.0,0
3796.8,IF2309.CCFX,2023-09-01,3794.8,0
3857.0,IF2309.CCFX,2023-09-04,3827.6,0
3826.2,IF2309.CCFX,2023-09-05,3844.8,0
3817.2,IF2309.CCFX,2023-09-06,3813.0,0
3761.2,IF2309.CCFX,2023-09-07,3807.2,0
3739.4,IF2309.CCFX,2023-09-08,3751.0,0
3770.0,IF2309.CCFX,2023-09-11,3745.8,0
3766.6,IF2309.CCFX,2023-09-12,3765.0,0
3739.6,IF2309.CCFX,2023-09-13,3766.4,0
3737.6,IF2309.CCFX,2023-09-14,3740.0,0
3726.6,IF2310.CCFX,2023-09-15,3748.8,1
3743.8,IF2310.CCFX,2023-09-18,3710.0,0
3736.4,IF2310.CCFX,2023-09-19,3737.0,0
3720.2,IF2310.CCFX,2023-09-20,3726.4,0
3684.0,IF2310.CCFX,2023-09-21,3710.2,0
3763.2,IF2310.CCFX,2023-09-22,3687.0,0
3731.4,IF2310.CCFX,2023-09-25,3753.0,0
3712.6,IF2310.CCFX,2023-09-26,3728.6,0
3721.6,IF2310.CCFX,2023-09-27,3714.6,0
3701.0,IF2310.CCFX,2023-09-28,3730.0,0
3690.6,IF2310.CCFX,2023-10-09,3693.4,0
3663.2,IF2310.CCFX,2023-10-10,3711.6,0
3671.0,IF2310.CCFX,2023-10-11,3683.0,0
3710.0,IF2310.CCFX,2023-10-12,3707.0,0
3671.0,IF2310.CCFX,2023-10-13,3684.0,0
3628.8,IF2310.CCFX,2023-10-16,3675.0,0
3640.6,IF2310.CCFX,2023-10-17,3633.8,0
3613.2,IF2310.CCFX,2023-10-18,3637.0,0
3536.6,IF2310.CCFX,2023-10-19,3588.2,0
3521.6,IF2311.CCFX,2023-10-20,3523.0,1
3470.8,IF2311.CCFX,2023-10-23,3508.0,0
3493.2,IF2312.CCFX,2023-10-24,3489.0,1
3511.2,IF2312.CCFX,2023-10-25,3529.6,0
3526.0,IF2312.CCFX,2023-10-26,3498.0,0
3581.2,IF2312.CCFX,2023-10-27,3518.2,0
3594.0,IF2312.CCFX,2023-10-30,3570.6,0
3586.6,IF2312.CCFX,2023-10-31,3585.8,0
3583.8,IF2312.CCFX,2023-11-01,3609.8,0
3565.2,IF2312.CCFX,2023-11-02,3595.0,0
3596.8,IF2312.CCFX,2023-11-03,3577.0,0
3645.2,IF2312.CCFX,2023-11-06,3620.0,0
3633.8,IF2312.CCFX,2023-11-07,3635.0,0
3620.4,IF2312.CCFX,2023-11-08,3625.0,0
3623.6,IF2312.CCFX,2023-11-09,3613.0,0
3592.2,IF2312.CCFX,2023-11-10,3605.8,0
3591.4,IF2312.CCFX,2023-11-13,3626.0,0
3590.8,IF2312.CCFX,2023-11-14,3599.4,0
3614.6,IF2312.CCFX,2023-11-15,3627.0,0
3577.0,IF2312.CCFX,2023-11-16,3606.0,0
3571.0,IF2312.CCFX,2023-11-17,3566.0,0
3582.0,IF2312.CCFX,2023-11-20,3574.8,0
3589.0,IF2312.CCFX,2023-11-21,3598.0,0
3548.6,IF2312.CCFX,2023-11-22,3577.2,0
3571.6,IF2312.CCFX,2023-11-23,3547.0,0
3542.4,IF2312.CCFX,2023-11-24,3562.0,0
3517.2,IF2312.CCFX,2023-11-27,3539.0,0
3523.2,IF2312.CCFX,2023-11-28,3511.4,0
3497.4,IF2312.CCFX,2023-11-29,3529.0,0
3502.6,IF2312.CCFX,2023-11-30,3496.0,0
3484.0,IF2312.CCFX,2023-12-01,3497.0,0
3458.4,IF2312.CCFX,2023-12-04,3485.0,0
3380.0,IF2312.CCFX,2023-12-05,3450.6,0
3391.4,IF2312.CCFX,2023-12-06,3379.0,0
3387.6,IF2312.CCFX,2023-12-07,3380.8,0
3395.6,IF2312.CCFX,2023-12-08,3389.4,0
3418.6,IF2312.CCFX,2023-12-11,3373.0,0
3427.0,IF2312.CCFX,2023-12-12,3412.8,0
3368.0,IF2312.CCFX,2023-12-13,3415.2,0
3352.4,IF2312.CCFX,2023-12-14,3388.8,0
3342.6,IF2401.CCFX,2023-12-15,3363.0,1
3335.0,IF2401.CCFX,2023-12-18,3328.0,0
3341.8,IF2401.CCFX,2023-12-19,3331.8,0
3309.6,IF2401.CCFX,2023-12-20,3347.0,0
3342.4,IF2401.CCFX,2023-12-21,3296.0,0
3348.0,IF2401.CCFX,2023-12-22,3340.0,0
3356.2,IF2401.CCFX,2023-12-25,3346.4,0
3333.4,IF2401.CCFX,2023-12-26,3357.4,0
3342.2,IF2401.CCFX,2023-12-27,3342.0,0
3432.2,IF2401.CCFX,2023-12-28,3339.0,0
3439.4,IF2401.CCFX,2023-12-29,3430.0,0
3388.2,IF2401.CCFX,2024-01-02,3439.4,0
3383.0,IF2401.CCFX,2024-01-03,3385.0,0
3350.2,IF2401.CCFX,2024-01-04,3381.6,0
3334.2,IF2401.CCFX,2024-01-05,3340.2,0
3279.6,IF2401.CCFX,2024-01-08,3329.0,0
3292.4,IF2401.CCFX,2024-01-09,3285.0,0
3278.2,IF2401.CCFX,2024-01-10,3280.0,0
3297.6,IF2401.CCFX,2024-01-11,3277.6,0
3286.4,IF2401.CCFX,2024-01-12,3281.6,0
3280.2,IF2401.CCFX,2024-01-15,3270.0,0
3301.4,IF2401.CCFX,2024-01-16,3272.0,0
3222.4,IF2401.CCFX,2024-01-17,3288.0,0
3249.2,IF2401.CCFX,2024-01-18,3213.8,0
3242.0,IF2402.CCFX,2024-01-19,3224.0,1
3179.0,IF2402.CCFX,2024-01-22,3239.0,0
3211.0,IF2403.CCFX,2024-01-23,3160.0,1
3264.8,IF2403.CCFX,2024-01-24,3236.8,0
3335.2,IF2403.CCFX,2024-01-25,3265.8,0
3326.0,IF2403.CCFX,2024-01-26,3325.0,0
3289.2,IF2403.CCFX,2024-01-29,3331.0,0
3235.6,IF2403.CCFX,2024-01-30,3279.2,0
3206.6,IF2403.CCFX,2024-01-31,3228.6,0
3208.4,IF2403.CCFX,2024-02-01,3200.0,0
3156.0,IF2403.CCFX,2024-02-02,3218.0,0
3131.2,IF2403.CCFX,2024-02-05,3137.0,0
3278.6,IF2403.CCFX,2024-02-06,3121.0,0
3316.6,IF2403.CCFX,2024-02-07,3279.0,0
3353.6,IF2403.CCFX,2024-02-08,3334.0,0
3373.0,IF2403.CCFX,2024-02-19,3385.0,0
3387.0,IF2403.CCFX,2024-02-20,3373.0,0
3455.0,IF2403.CCFX,2024-02-21,3374.2,0
3484.0,IF2403.CCFX,2024-02-22,3451.2,0
3487.0,IF2403.CCFX,2024-02-23,3488.8,0
3445.4,IF2403.CCFX,2024-02-26,3481.6,0
3497.4,IF2403.CCFX,2024-02-27,3441.8,0
3456.8,IF2403.CCFX,2024-02-28,3500.0,0
3515.4,IF2403.CCFX,2024-02-29,3460.0,0
3540.0,IF2403.CCFX,2024-03-01,3505.2,0
3531.0,IF2403.CCFX,2024-03-04,3538.0,0
3545.6,IF2403.CCFX,2024-03-05,3517.0,0
3545.2,IF2403.CCFX,2024-03-06,3542.6,0
3526.0,IF2403.CCFX,2024-03-07,3545.6,0
3541.0,IF2403.CCFX,2024-03-08,3536.0,0
3590.2,IF2403.CCFX,2024-03-11,3540.0,0
3598.4,IF2403.CCFX,2024-03-12,3594.2,0
3577.8,IF2403.CCFX,2024-03-13,3594.0,0
3566.0,IF2403.CCFX,2024-03-14,3582.0,0
3574.0,IF2404.CCFX,2024-03-15,3554.2,1
3607.8,IF2404.CCFX,2024-03-18,3578.0,0
3582.4,IF2404.CCFX,2024-03-19,3597.6,0
3585.0,IF2404.CCFX,2024-03-20,3580.0,0
3584.2,IF2404.CCFX,2024-03-21,3595.6,0
3540.2,IF2404.CCFX,2024-03-22,3582.4,0
3532.0,IF2404.CCFX,2024-03-25,3535.0,0
3542.8,IF2404.CCFX,2024-03-26,3538.2,0
3504.8,IF2404.CCFX,2024-03-27,3536.0,0
3521.8,IF2404.CCFX,2024-03-28,3508.6,0
3539.2,IF2404.CCFX,2024-03-29,3520.4,0
3600.4,IF2404.CCFX,2024-04-01,3555.6,0
3589.6,IF2404.CCFX,2024-04-02,3595.4,0
3574.6,IF2404.CCFX,2024-04-03,3589.0,0
3541.8,IF2404.CCFX,2024-04-08,3558.2,0
3536.4,IF2404.CCFX,2024-04-09,3546.0,0
3508.6,IF2404.CCFX,2024-04-10,3529.6,0
3508.8,IF2404.CCFX,2024-04-11,3490.2,0
3472.4,IF2404.CCFX,2024-04-12,3506.0,0
3546.4,IF2404.CCFX,2024-04-15,3479.6,0
3514.0,IF2404.CCFX,2024-04-16,3534.0,0
3563.4,IF2404.CCFX,2024-04-17,3520.4,0
3569.0,IF2404.CCFX,2024-04-18,3552.2,0
3542.0,IF2405.CCFX,2024-04-19,3564.0,1
3535.6,IF2405.CCFX,2024-04-22,3544.8,0
3494.8,IF2406.CCFX,2024-04-23,3519.8,1
3509.0,IF2406.CCFX,2024-04-24,3510.0,0
3517.4,IF2406.CCFX,2024-04-25,3500.2,0
3573.6,IF2406.CCFX,2024-04-26,3527.4,0
3624.2,IF2406.CCFX,2024-04-29,3577.0,0
3600.6,IF2406.CCFX,2024-04-30,3624.0,0
3644.4,IF2406.CCFX,2024-05-06,3651.4,0
3645.6,IF2406.CCFX,2024-05-07,3644.0,0
3614.6,IF2406.CCFX,2024-05-08,3637.2,0
3650.0,IF2406.CCFX,2024-05-09,3618.2,0
3650.0,IF2406.CCFX,2024-05-10,3657.2,0
3648.8,IF2406.CCFX,2024-05-13,3630.0,0
3641.2,IF2406.CCFX,2024-05-14,3655.2,0
3616.0,IF2406.CCFX,2024-05-15,3641.2,0
3623.0,IF2406.CCFX,2024-05-16,3627.2,0
3669.0,IF2406.CCFX,2024-05-17,3628.0,0
3675.0,IF2406.CCFX,2024-05-20,3676.2,0
3662.2,IF2406.CCFX,2024-05-21,3663.4,0
3666.4,IF2406.CCFX,2024-05-22,3662.2,0
3629.2,IF2406.CCFX,2024-05-23,3654.2,0
3589.0,IF2406.CCFX,2024-05-24,3618.8,0
3617.4,IF2406.CCFX,2024-05-27,3598.6,0
3596.4,IF2406.CCFX,2024-05-28,3612.8,0
3596.2,IF2406.CCFX,2024-05-29,3598.2,0
3586.0,IF2406.CCFX,2024-05-30,3590.0,0
3571.8,IF2406.CCFX,2024-05-31,3596.0,0
3572.6,IF2406.CCFX,2024-06-03,3570.0,0
3597.6,IF2406.CCFX,2024-06-04,3570.2,0
3584.0,IF2406.CCFX,2024-06-05,3593.0,0
3584.4,IF2406.CCFX,2024-06-06,3598.0,0
3558.8,IF2406.CCFX,2024-06-07,3595.0,0
3536.6,IF2406.CCFX,2024-06-11,3548.0,0
3531.2,IF2406.CCFX,2024-06-12,3533.4,0
3517.6,IF2406.CCFX,2024-06-13,3536.8,0
3533.6,IF2406.CCFX,2024-06-14,3512.6,0
3527.6,IF2406.CCFX,2024-06-17,3515.2,0
3537.2,IF2406.CCFX,2024-06-18,3533.8,0
3527.6,IF2406.CCFX,2024-06-19,3541.4,0
3505.0,IF2406.CCFX,2024-06-20,3529.8,0
3463.0,IF2407.CCFX,2024-06-21,3474.4,1
3450.0,IF2407.CCFX,2024-06-24,3446.0,0
3427.8,IF2407.CCFX,2024-06-25,3453.6,0
3447.2,IF2407.CCFX,2024-06-26,3426.0,0
3430.0,IF2407.CCFX,2024-06-27,3438.6,0
3435.4,IF2407.CCFX,2024-06-28,3425.0,0
3448.6,IF2407.CCFX,2024-07-01,3438.0,0
3444.6,IF2407.CCFX,2024-07-02,3441.4,0
3438.2,IF2407.CCFX,2024-07-03,3449.8,0
3419.0,IF2407.CCFX,2024-07-04,3445.0,0
3404.8,IF2407.CCFX,2024-07-05,3423.0,0
3379.2,IF2407.CCFX,2024-07-08,3397.8,0
3418.2,IF2407.CCFX,2024-07-09,3378.8,0
3412.4,IF2407.CCFX,2024-07-10,3416.0,0
3455.8,IF2407.CCFX,2024-07-11,3437.6,0
3461.6,IF2407.CCFX,2024-07-12,3455.4,0
3461.0,IF2407.CCFX,2024-07-15,3456.0,0
3485.8,IF2407.CCFX,2024-07-16,3461.0,0
3493.2,IF2407.CCFX,2024-07-17,3485.2,0
3515.2,IF2407.CCFX,2024-07-18,3478.0,0
3510.2,IF2408.CCFX,2024-07-19,3482.6,1
3492.4,IF2408.CCFX,2024-07-22,3515.0,0
3421.0,IF2409.CCFX,2024-07-23,3480.6,1
3395.2,IF2409.CCFX,2024-07-24,3415.0,0
3371.8,IF2409.CCFX,2024-07-25,3386.0,0
3391.4,IF2409.CCFX,2024-07-26,3380.2,0
3376.0,IF2409.CCFX,2024-07-29,3388.0,0
3353.2,IF2409.CCFX,2024-07-30,3362.8,0
3441.0,IF2409.CCFX,2024-07-31,3358.4,0
3414.2,IF2409.CCFX,2024-08-01,3442.0,0
3373.2,IF2409.CCFX,2024-08-02,3393.0,0
3336.0,IF2409.CCFX,2024-08-05,3357.0,0
3329.2,IF2409.CCFX,2024-08-06,3368.0,0
3325.2,IF2409.CCFX,2024-08-07,3322.2,0
3331.6,IF2409.CCFX,2024-08-08,3320.2,0
3317.2,IF2409.CCFX,2024-08-09,3351.0,0
3318.4,IF2409.CCFX,2024-08-12,3312.6,0
3323.0,IF2409.CCFX,2024-08-13,3324.0,0
3294.8,IF2409.CCFX,2024-08-14,3323.0,0
3331.4,IF2409.CCFX,2024-08-15,3289.8,0
3335.2,IF2409.CCFX,2024-08-16,3333.6,0
3348.2,IF2409.CCFX,2024-08-19,3335.2,0
3320.0,IF2409.CCFX,2024-08-20,3353.4,0
3312.4,IF2409.CCFX,2024-08-21,3315.0,0
3301.8,IF2409.CCFX,2024-08-22,3315.2,0
3321.8,IF2409.CCFX,2024-08-23,3300.6,0
3320.8,IF2409.CCFX,2024-08-26,3327.0,0
3304.2,IF2409.CCFX,2024-08-27,3313.4,0
3281.4,IF2409.CCFX,2024-08-28,3300.0,0
3275.2,IF2409.CCFX,2024-08-29,3271.0,0
3322.4,IF2409.CCFX,2024-08-30,3275.0,0
3259.8,IF2409.CCFX,2024-09-02,3309.0,0
3267.0,IF2409.CCFX,2024-09-03,3262.8,0
3250.0,IF2409.CCFX,2024-09-04,3260.0,0
3254.0,IF2409.CCFX,2024-09-05,3257.0,0
3226.6,IF2409.CCFX,2024-09-06,3261.0,0
3189.2,IF2409.CCFX,2024-09-09,3215.0,0
3188.2,IF2409.CCFX,2024-09-10,3190.0,0
3183.0,IF2409.CCFX,2024-09-11,3180.6,0
3174.8,IF2409.CCFX,2024-09-12,3189.0,0
3158.0,IF2409.CCFX,2024-09-13,3177.0,0
3171.6,IF2409.CCFX,2024-09-18,3163.0,0
3198.4,IF2409.CCFX,2024-09-19,3180.0,0
3193.6,IF2410.CCFX,2024-09-20,3186.8,1
3206.8,IF2410.CCFX,2024-09-23,3184.2,0
3359.8,IF2410.CCFX,2024-09-24,3244.0,0
3404.6,IF2410.CCFX,2024-09-25,3409.8,0
3588.0,IF2410.CCFX,2024-09-26,3405.0,0
3827.8,IF2410.CCFX,2024-09-27,3661.2,0
4160.6,IF2410.CCFX,2024-09-30,3937.0,0
4261.2,IF2410.CCFX,2024-10-08,4535.0,0
3934.0,IF2410.CCFX,2024-10-09,4188.0,0
4010.8,IF2410.CCFX,2024-10-10,4000.0,0
3904.4,IF2410.CCFX,2024-10-11,3999.8,0
3963.2,IF2410.CCFX,2024-10-14,3930.2,0
3852.2,IF2410.CCFX,2024-10-15,3938.8,0
3832.0,IF2410.CCFX,2024-10-16,3816.8,0
3784.4,IF2410.CCFX,2024-10-17,3856.6,0
3927.2,IF2411.CCFX,2024-10-18,3790.0,1
3936.2,IF2411.CCFX,2024-10-21,3947.0,0
3968.8,IF2412.CCFX,2024-10-22,3928.2,1
3982.8,IF2412.CCFX,2024-10-23,3965.2,0
3937.0,IF2412.CCFX,2024-10-24,3963.0,0
3958.0,IF2412.CCFX,2024-10-25,3945.0,0
3972.2,IF2412.CCFX,2024-10-28,3960.4,0
3940.0,IF2412.CCFX,2024-10-29,3986.0,0
3896.0,IF2412.CCFX,2024-10-30,3930.0,0
3893.0,IF2412.CCFX,2024-10-31,3898.0,0
3905.0,IF2412.CCFX,2024-11-01,3891.2,0
3959.0,IF2412.CCFX,2024-11-04,3914.2,0
4068.0,IF2412.CCFX,2024-11-05,3949.0,0
4040.8,IF2412.CCFX,2024-11-06,4060.0,0
4183.8,IF2412.CCFX,2024-11-07,4020.0,0
4112.2,IF2412.CCFX,2024-11-08,4215.2,0
4133.2,IF2412.CCFX,2024-11-11,4080.0,0
4083.8,IF2412.CCFX,2024-11-12,4133.4,0
4112.8,IF2412.CCFX,2024-11-13,4068.2,0
4041.8,IF2412.CCFX,2024-11-14,4098.0,0
3975.2,IF2412.CCFX,2024-11-15,4040.0,0
3954.6,IF2412.CCFX,2024-11-18,3997.8,0
3973.2,IF2412.CCFX,2024-11-19,3966.0,0
3980.0,IF2412.CCFX,2024-11-20,3961.4,0
3989.2,IF2412.CCFX,2024-11-21,3974.8,0
3860.8,IF2412.CCFX,2024-11-22,3985.0,0
3839.0,IF2412.CCFX,2024-11-25,3878.2,0
3836.0,IF2412.CCFX,2024-11-26,3830.0,0
3901.4,IF2412.CCFX,2024-11-27,3828.6,0
3872.4,IF2412.CCFX,2024-11-28,3896.2,0
3911.0,IF2412.CCFX,2024-11-29,3876.8,0
3942.0,IF2412.CCFX,2024-12-02,3912.0,0
3945.6,IF2412.CCFX,2024-12-03,3939.8,0
3924.8,IF2412.CCFX,2024-12-04,3940.0,0
3918.6,IF2412.CCFX,2024-12-05,3915.6,0
3968.0,IF2412.CCFX,2024-12-06,3921.0,0
3963.4,IF2412.CCFX,2024-12-09,3967.0,0
4000.4,IF2412.CCFX,2024-12-10,4099.0,0
3994.0,IF2412.CCFX,2024-12-11,3997.0,0
4038.8,IF2412.CCFX,2024-12-12,3994.2,0
3935.0,IF2412.CCFX,2024-12-13,4005.0,0
3911.4,IF2412.CCFX,2024-12-16,3940.0,0
3922.4,IF2412.CCFX,2024-12-17,3907.0,0
3940.2,IF2412.CCFX,2024-12-18,3941.4,0
3944.8,IF2412.CCFX,2024-12-19,3910.8,0
3932.4,IF2501.CCFX,2024-12-20,3936.0,1
3935.4,IF2501.CCFX,2024-12-23,3931.8,0
3983.4,IF2501.CCFX,2024-12-24,3939.0,0
3985.0,IF2501.CCFX,2024-12-25,3988.2,0
3987.2,IF2501.CCFX,2024-12-26,3981.8,0
3983.6,IF2501.CCFX,2024-12-27,3989.0,0
3999.2,IF2501.CCFX,2024-12-30,3983.6,0
3923.6,IF2501.CCFX,2024-12-31,3999.2,0
3819.0,IF2501.CCFX,2025-01-02,3926.0,0
3781.6,IF2501.CCFX,2025-01-03,3829.0,0
3766.8,IF2501.CCFX,2025-01-06,3778.8,0
3793.4,IF2501.CCFX,2025-01-07,3758.0,0
3785.8,IF2501.CCFX,2025-01-08,3780.4,0
3775.6,IF2501.CCFX,2025-01-09,3780.0,0
3732.6,IF2501.CCFX,2025-01-10,3781.6,0
3725.4,IF2501.CCFX,2025-01-13,3708.4,0
3818.6,IF2501.CCFX,2025-01-14,3725.0,0
3796.8,IF2501.CCFX,2025-01-15,3816.4,0
3794.8,IF2501.CCFX,2025-01-16,3806.2,0
3807.2,IF2502.CCFX,2025-01-17,3788.0,1
3826.8,IF2502.CCFX,2025-01-20,3832.0,0
3831.6,IF2503.CCFX,2025-01-21,3850.4,1
3790.8,IF2503.CCFX,2025-01-22,3824.4,0
3798.6,IF2503.CCFX,2025-01-23,3830.2,0
3843.8,IF2503.CCFX,2025-01-24,3798.0,0
3795.0,IF2503.CCFX,2025-01-27,3846.0,0
3788.8,IF2503.CCFX,2025-02-05,3826.4,0
3841.6,IF2503.CCFX,2025-02-06,3788.0,0
3897.8,IF2503.CCFX,2025-02-07,3841.2,0
3899.0,IF2503.CCFX,2025-02-10,3905.0,0
3883.2,IF2503.CCFX,2025-02-11,3902.0,0
3918.4,IF2503.CCFX,2025-02-12,3879.0,0
3910.0,IF2503.CCFX,2025-02-13,3914.6,0
3944.4,IF2503.CCFX,2025-02-14,3912.8,0
3948.2,IF2503.CCFX,2025-02-17,3958.0,0
3918.2,IF2503.CCFX,2025-02-18,3940.0,0
3939.4,IF2503.CCFX,2025-02-19,3914.0,0
3926.8,IF2503.CCFX,2025-02-20,3931.0,0
3981.6,IF2503.CCFX,2025-02-21,3936.2,0
3967.2,IF2503.CCFX,2025-02-24,3978.0,0
3928.6,IF2503.CCFX,2025-02-25,3930.0,0
3957.2,IF2503.CCFX,2025-02-26,3935.6,0
3973.6,IF2503.CCFX,2025-02-27,3957.0,0
3899.8,IF2503.CCFX,2025-02-28,3955.0,0
3886.6,IF2503.CCFX,2025-03-03,3908.0,0
3882.2,IF2503.CCFX,2025-03-04,3870.0,0
3894.6,IF2503.CCFX,2025-03-05,3885.0,0
3954.2,IF2503.CCFX,2025-03-06,3917.6,0
3943.8,IF2503.CCFX,2025-03-07,3945.2,0
3917.8,IF2503.CCFX,2025-03-10,3943.2,0
3930.0,IF2503.CCFX,2025-03-11,3884.4,0
3923.2,IF2503.CCFX,2025-03-12,3936.0,0
3904.8,IF2503.CCFX,2025-03-13,3924.0,0
4012.8,IF2503.CCFX,2025-03-14,3913.0,0
3996.0,IF2503.CCFX,2025-03-17,4022.0,0
4005.6,IF2503.CCFX,2025-03-18,4015.0,0
4013.2,IF2503.CCFX,2025-03-19,3999.0,0
3977.6,IF2503.CCFX,2025-03-20,4014.2,0
3906.0,IF2504.CCFX,2025-03-21,3969.6,1
3924.0,IF2504.CCFX,2025-03-24,3910.0,0
3929.2,IF2504.CCFX,2025-03-25,3924.0,0
3916.2,IF2504.CCFX,2025-03-26,3928.8,0
3929.4,IF2504.CCFX,2025-03-27,3912.0,0
3908.8,IF2504.CCFX,2025-03-28,3931.0,0
3883.8,IF2504.CCFX,2025-03-31,3900.0,0
3884.2,IF2504.CCFX,2025-04-01,3889.0,0
3882.0,IF2504.CCFX,2025-04-02,3885.2,0
3861.6,IF2504.CCFX,2025-04-03,3850.0,0
3480.8,IF2504.CCFX,2025-04-07,3677.0,0
3598.6,IF2504.CCFX,2025-04-08,3569.8,0
3655.0,IF2504.CCFX,2025-04-09,3575.2,0
3712.2,IF2504.CCFX,2025-04-10,3710.0,0
3732.2,IF2504.CCFX,2025-04-11,3712.0,0
3743.0,IF2504.CCFX,2025-04-14,3754.2,0
3744.4,IF2504.CCFX,2025-04-15,3743.0,0
3755.4,IF2504.CCFX,2025-04-16,3742.0,0
3765.4,IF2504.CCFX,2025-04-17,3736.0,0
3737.0,IF2505.CCFX,2025-04-18,3730.0,1
3759.6,IF2505.CCFX,2025-04-21,3735.0,0
3733.0,IF2506.CCFX,2025-04-22,3733.2,1
3734.0,IF2506.CCFX,2025-04-23,3753.8,0
3736.8,IF2506.CCFX,2025-04-24,3736.2,0
3739.2,IF2506.CCFX,2025-04-25,3745.0,0
3730.6,IF2506.CCFX,2025-04-28,3737.0,0
3724.8,IF2506.CCFX,2025-04-29,3729.0,0
3716.2,IF2506.CCFX,2025-04-30,3725.8,0
3766.2,IF2506.CCFX,2025-05-06,3734.0,0
3785.0,IF2506.CCFX,2025-05-07,3820.0,0
3816.0,IF2506.CCFX,2025-05-08,3778.0,0
3808.6,IF2506.CCFX,2025-05-09,3813.2,0
3853.0,IF2506.CCFX,2025-05-12,3830.6,0
3851.0,IF2506.CCFX,2025-05-13,3868.0,0
3907.4,IF2506.CCFX,2025-05-14,3852.0,0
3872.8,IF2506.CCFX,2025-05-15,3896.4,0
3846.0,IF2506.CCFX,2025-05-16,3868.0,0
3843.2,IF2506.CCFX,2025-05-19,3840.0,0
3865.4,IF2506.CCFX,2025-05-20,3847.0,0
3881.2,IF2506.CCFX,2025-05-21,3865.4,0
3879.6,IF2506.CCFX,2025-05-22,3878.0,0
3846.2,IF2506.CCFX,2025-05-23,3875.2,0
3831.2,IF2506.CCFX,2025-05-26,3846.2,0
3809.2,IF2506.CCFX,2025-05-27,3828.2,0
3805.0,IF2506.CCFX,2025-05-28,3815.0,0
3832.8,IF2506.CCFX,2025-05-29,3814.6,0
3822.4,IF2506.CCFX,2025-05-30,3825.0,0
3824.8,IF2506.CCFX,2025-06-03,3815.8,0
3842.4,IF2506.CCFX,2025-06-04,3829.6,0
3852.0,IF2506.CCFX,2025-06-05,3848.0,0
3855.4,IF2506.CCFX,2025-06-06,3857.0,0
3867.8,IF2506.CCFX,2025-06-09,3862.0,0
3841.0,IF2506.CCFX,2025-06-10,3870.0,0
3878.8,IF2506.CCFX,2025-06-11,3848.8,0
3883.6,IF2506.CCFX,2025-06-12,3870.2,0
3856.4,IF2506.CCFX,2025-06-13,3874.0,0
3869.8,IF2506.CCFX,2025-06-16,3848.0,0
3868.6,IF2506.CCFX,2025-06-17,3870.2,0
3872.2,IF2506.CCFX,2025-06-18,3868.8,0
3840.4,IF2506.CCFX,2025-06-19,3866.8,0
3804.4,IF2507.CCFX,2025-06-20,3803.4,1
3823.4,IF2507.CCFX,2025-06-23,3794.2,0
3872.2,IF2507.CCFX,2025-06-24,3829.6,0
3935.0,IF2507.CCFX,2025-06-25,3875.0,0
3920.8,IF2507.CCFX,2025-06-26,3928.6,0
3892.0,IF2507.CCFX,2025-06-27,3931.0,0
3906.4,IF2507.CCFX,2025-06-30,3899.8,0
3911.6,IF2507.CCFX,2025-07-01,3905.0,0
3921.0,IF2507.CCFX,2025-07-02,3915.0,0
3946.6,IF2507.CCFX,2025-07-03,3927.8,0
3963.8,IF2507.CCFX,2025-07-04,3938.4,0
3945.0,IF2507.CCFX,2025-07-07,3963.0,0
3982.4,IF2507.CCFX,2025-07-08,3942.0,0
3977.0,IF2507.CCFX,2025-07-09,3981.6,0
3997.2,IF2507.CCFX,2025-07-10,3981.0,0
4014.6,IF2507.CCFX,2025-07-11,3997.0,0
4009.0,IF2507.CCFX,2025-07-14,4016.2,0
4009.6,IF2507.CCFX,2025-07-15,4010.2,0
3998.0,IF2507.CCFX,2025-07-16,4014.0,0
4030.8,IF2507.CCFX,2025-07-17,4003.6,0
4054.0,IF2508.CCFX,2025-07-18,4028.0,1
4074.6,IF2508.CCFX,2025-07-21,4070.0,0
4109.8,IF2509.CCFX,2025-07-22,4067.0,1
4109.2,IF2509.CCFX,2025-07-23,4117.0,0
4141.2,IF2509.CCFX,2025-07-24,4103.0,0
4116.0,IF2509.CCFX,2025-07-25,4136.0,0
4122.0,IF2509.CCFX,2025-07-28,4116.0,0
4141.4,IF2509.CCFX,2025-07-29,4112.0,0
4136.4,IF2509.CCFX,2025-07-30,4131.4,0
4057.0,IF2509.CCFX,2025-07-31,4124.8,0
4029.6,IF2509.CCFX,2025-08-01,4057.8,0
4052.8,IF2509.CCFX,2025-08-04,4018.2,0
4082.0,IF2509.CCFX,2025-08-05,4060.0,0
4097.0,IF2509.CCFX,2025-08-06,4080.0,0
4092.6,IF2509.CCFX,2025-08-07,4100.0,0
4083.2,IF2509.CCFX,2025-08-08,4087.0,0
4104.8,IF2509.CCFX,2025-08-11,4089.4,0
4131.2,IF2509.CCFX,2025-08-12,4109.6,0
4170.8,IF2509.CCFX,2025-08-13,4138.8,0
4163.8,IF2509.CCFX,2025-08-14,4179.6,0
4209.4,IF2509.CCFX,2025-08-15,4157.0,0
4237.8,IF2509.CCFX,2025-08-18,4220.0,0
4216.2,IF2509.CCFX,2025-08-19,4244.0,0
4270.0,IF2509.CCFX,2025-08-20,4201.0,0
4282.2,IF2509.CCFX,2025-08-21,4280.4,0
4394.0,IF2509.CCFX,2025-08-22,4283.0,0
4474.6,IF2509.CCFX,2025-08-25,4425.0,0
4449.0,IF2509.CCFX,2025-08-26,4474.8,0
4384.0,IF2509.CCFX,2025-08-27,4451.2,0
4460.4,IF2509.CCFX,2025-08-28,4383.2,0
4506.2,IF2509.CCFX,2025-08-29,4452.2,0
4510.6,IF2509.CCFX,2025-09-01,4517.0,0
4481.2,IF2509.CCFX,2025-09-02,4516.0,0
4430.0,IF2509.CCFX,2025-09-03,4501.4,0
4349.4,IF2509.CCFX,2025-09-04,4437.0,0
4456.6,IF2509.CCFX,2025-09-05,4351.2,0
4453.0,IF2509.CCFX,2025-09-08,4464.0,0
4426.2,IF2509.CCFX,2025-09-09,4438.0,0
4432.4,IF2509.CCFX,2025-09-10,4430.8,0
4562.0,IF2509.CCFX,2025-09-11,4424.0,0
4523.2,IF2509.CCFX,2025-09-12,4557.0,0
4527.8,IF2509.CCFX,2025-09-15,4533.0,0
4516.8,IF2509.CCFX,2025-09-16,4542.0,0
4553.2,IF2509.CCFX,2025-09-17,4518.0,0
4487.2,IF2509.CCFX,2025-09-18,4545.0,0
4487.0,IF2510.CCFX,2025-09-19,4478.0,1
4506.4,IF2510.CCFX,2025-09-22,4492.2,0
4510.2,IF2510.CCFX,2025-09-23,4516.8,0
4556.2,IF2510.CCFX,2025-09-24,4485.2,0
4585.0,IF2510.CCFX,2025-09-25,4548.0,0
4543.2,IF2510.CCFX,2025-09-26,4575.8,0
4623.6,IF2510.CCFX,2025-09-29,4543.2,0
4634.4,IF2510.CCFX,2025-09-30,4628.2,0
4706.4,IF2510.CCFX,2025-10-09,4655.0,0
4613.8,IF2510.CCFX,2025-10-10,4673.4,0
4585.6,IF2510.CCFX,2025-10-13,4520.0,0
4540.4,IF2510.CCFX,2025-10-14,4603.0,0
4601.6,IF2510.CCFX,2025-10-15,4544.0,0
4614.0,IF2510.CCFX,2025-10-16,4596.4,0
4495.8,IF2511.CCFX,2025-10-17,4605.6,1
4519.8,IF2511.CCFX,2025-10-20,4532.6,0
4577.6,IF2512.CCFX,2025-10-21,4528.2,1
4563.4,IF2512.CCFX,2025-10-22,4559.0,0
4580.8,IF2512.CCFX,2025-10-23,4555.4,0
4634.8,IF2512.CCFX,2025-10-24,4592.0,0
4684.4,IF2512.CCFX,2025-10-27,4672.0,0
4669.6,IF2512.CCFX,2025-10-28,4680.0,0
4732.6,IF2512.CCFX,2025-10-29,4685.0,0
4690.0,IF2512.CCFX,2025-10-30,4723.2,0
4631.4,IF2512.CCFX,2025-10-31,4691.6,0
4634.8,IF2512.CCFX,2025-11-03,4637.0,0
4589.0,IF2512.CCFX,2025-11-04,4629.6,0
4596.6,IF2512.CCFX,2025-11-05,4536.6,0
4670.8,IF2512.CCFX,2025-11-06,4611.0,0
4659.4,IF2512.CCFX,2025-11-07,4656.0,0
4672.0,IF2512.CCFX,2025-11-10,4675.0,0
4626.8,IF2512.CCFX,2025-11-11,4684.4,0
4628.0,IF2512.CCFX,2025-11-12,4628.6,0
4677.0,IF2512.CCFX,2025-11-13,4620.0,0
4600.4,IF2512.CCFX,2025-11-14,4650.0,0
4581.4,IF2512.CCFX,2025-11-17,4596.2,0
4555.0,IF2512.CCFX,2025-11-18,4571.0,0
4565.2,IF2512.CCFX,2025-11-19,4558.6,0
4539.2,IF2512.CCFX,2025-11-20,4590.8,0
4428.4,IF2512.CCFX,2025-11-21,4509.6,0
4435.2,IF2512.CCFX,2025-11-24,4451.0,0
4473.0,IF2512.CCFX,2025-11-25,4458.8,0
4493.0,IF2512.CCFX,2025-11-26,4482.8,0
4492.6,IF2512.CCFX,2025-11-27,4499.0,0
4505.8,IF2512.CCFX,2025-11-28,4492.0,0
4555.4,IF2512.CCFX,2025-12-01,4516.8,0
4535.8,IF2512.CCFX,2025-12-02,4555.4,0
4518.2,IF2512.CCFX,2025-12-03,4538.2,0
4530.6,IF2512.CCFX,2025-12-04,4525.0,0
4574.4,IF2512.CCFX,2025-12-05,4525.0,0
4613.2,IF2512.CCFX,2025-12-08,4590.0,0
4583.2,IF2512.CCFX,2025-12-09,4611.4,0
4574.2,IF2512.CCFX,2025-12-10,4576.0,0
4539.6,IF2512.CCFX,2025-12-11,4585.2,0
4574.0,IF2512.CCFX,2025-12-12,4559.6,0
4545.6,IF2512.CCFX,2025-12-15,4548.0,0
4499.4,IF2512.CCFX,2025-12-16,4540.8,0
4578.2,IF2512.CCFX,2025-12-17,4499.4,0
4550.4,IF2512.CCFX,2025-12-18,4560.0,0
4552.0,IF2601.CCFX,2025-12-19,4542.0,1
4591.2,IF2601.CCFX,2025-12-22,4565.8,0
4598.8,IF2601.CCFX,2025-12-23,4591.4,0
4617.6,IF2601.CCFX,2025-12-24,4600.0,0
4632.0,IF2601.CCFX,2025-12-25,4617.0,0
4657.0,IF2601.CCFX,2025-12-26,4632.6,0
4630.8,IF2601.CCFX,2025-12-29,4654.0,0
4643.6,IF2601.CCFX,2025-12-30,4615.0,0
4622.2,IF2601.CCFX,2025-12-31,4650.0,0
4714.0,IF2601.CCFX,2026-01-05,4650.0,0
4795.4,IF2601.CCFX,2026-01-06,4718.8,0
4772.8,IF2601.CCFX,2026-01-07,4802.4,0
4737.8,IF2601.CCFX,2026-01-08,4761.0,0
4764.8,IF2601.CCFX,2026-01-09,4732.8,0
4789.4,IF2601.CCFX,2026-01-12,4778.0,0
4766.2,IF2601.CCFX,2026-01-13,4809.2,0
4737.6,IF2601.CCFX,2026-01-14,4780.6,0
4752.0,IF2601.CCFX,2026-01-15,4719.2,0
4725.8,IF2602.CCFX,2026-01-16,4779.0,1
4732.8,IF2602.CCFX,2026-01-19,4716.6,0
4708.6,IF2603.CCFX,2026-01-20,4731.6,1
4722.8,IF2603.CCFX,2026-01-21,4699.0,0
4719.4,IF2603.CCFX,2026-01-22,4740.8,0
4709.2,IF2603.CCFX,2026-01-23,4731.6,0
4719.4,IF2603.CCFX,2026-01-26,4726.8,0
4718.2,IF2603.CCFX,2026-01-27,4720.0,0
4732.8,IF2603.CCFX,2026-01-28,4735.0,0
4784.0,IF2603.CCFX,2026-01-29,4740.0,0
4711.0,IF2603.CCFX,2026-01-30,4760.0,0
4577.4,IF2603.CCFX,2026-02-02,4680.6,0
4653.0,IF2603.CCFX,2026-02-03,4621.0,0
4693.6,IF2603.CCFX,2026-02-04,4645.0,0
4665.2,IF2603.CCFX,2026-02-05,4662.2,0
4637.6,IF2603.CCFX,2026-02-06,4614.0,0
4721.2,IF2603.CCFX,2026-02-09,4688.8,0
4724.0,IF2603.CCFX,2026-02-10,4722.0,0
4714.8,IF2603.CCFX,2026-02-11,4721.2,0
4716.8,IF2603.CCFX,2026-02-12,4716.2,0
4627.0,IF2603.CCFX,2026-02-13,4683.8,0
4683.4,IF2603.CCFX,2026-02-24,4680.2,0
4731.4,IF2603.CCFX,2026-02-25,4697.0,0
4712.2,IF2603.CCFX,2026-02-26,4740.0,0
4713.8,IF2603.CCFX,2026-02-27,4690.0,0
4711.2,IF2603.CCFX,2026-03-02,4681.2,0
4651.4,IF2603.CCFX,2026-03-03,4718.2,0
4591.0,IF2603.CCFX,2026-03-04,4605.8,0
4629.0,IF2603.CCFX,2026-03-05,4629.6,0
4646.0,IF2603.CCFX,2026-03-06,4605.0,0
4599.2,IF2603.CCFX,2026-03-09,4600.0,0
4664.0,IF2603.CCFX,2026-03-10,4630.4,0
4687.0,IF2603.CCFX,2026-03-11,4667.8,0
4658.4,IF2603.CCFX,2026-03-12,4682.2,0
4658.0,IF2603.CCFX,2026-03-13,4646.4,0
